inputfile,status,cpu_time,wall_time,host
xcsp/CostasArray-11.yml,false(unreach-call),10.0,9.98,apollon144
hardness-nfm22/hardness_loopvsstraightlinecode_100-while_file-96.yml,true,10.0,10.0,apollon135
aws-c-common/aws_linked_list_front_harness_negated.yml,true,10.04,10.04,apollon166
product-lines/minepump_spec1_product47.cil.yml,true,10.1,10.1,apollon028
hardness-nfm22/hardness_operatoramount_amount100_file-21.yml,true,10.12,10.12,apollon073
Juliet_Test/CWE190_Integer_Overflow__int_fscanf_square_61_good.yml,true,10.13,10.12,apollon121
hardware-verification-bv/btor2c-lazyMod.driving_phils.5.prop1-func-interl.yml,false(unreach-call),10.23,10.22,apollon148
hardness-nfm22/hardness_fillercode_fillercodestructure_filler-ps-cn_file-47.yml,true,10.29,10.28,apollon093
hardness-nfm22/hardness_operatoramount_amount250_file-63.yml,true,10.36,10.37,apollon058
list-simple/dll2c_remove_all_reverse.yml,true,10.37,10.36,apollon033
Juliet_Test/CWE190_Integer_Overflow__int_fscanf_square_32_good.yml,true,10.37,10.36,apollon021
nla-digbench-scaling/mannadiv_unwindbound5.yml,true,10.39,10.39,apollon164
list-simple/sll2c_remove_all.yml,true,10.41,10.4,apollon126
hardness-nfm22/hardness_loopvsstraightlinecode_25-1loop_file-65.yml,true,10.42,10.42,apollon134
hardness-nfm22/hardness_fillercode_fillercodesize_ps-cn-250_file-7.yml,true,10.46,10.45,apollon026
Juliet_Test/CWE190_Integer_Overflow__int_rand_square_34_good.yml,true,10.46,10.45,apollon034
hardness-nfm22/hardness_loopvsstraightlinecode_100-1loop_file-73.yml,true,10.47,10.47,apollon153
Juliet_Test/CWE190_Integer_Overflow__int_fscanf_square_34_good.yml,true,10.5,10.5,apollon147
Juliet_Test/CWE190_Integer_Overflow__int_max_square_09_good.yml,true,10.51,10.5,apollon054
nla-digbench-scaling/cohendiv-ll_valuebound2.yml,true,10.54,10.54,apollon124
hardness-nfm22/hardness_operatoramount_amount250_file-18.yml,true,10.58,10.58,apollon080
product-lines/minepump_spec2_product51.cil.yml,true,10.62,10.61,apollon115
hardness-nfm22/hardness_loopvsstraightlinecode_50-1loop_file-47.yml,true,10.62,10.61,apollon093
termination-crafted/LexIndexValue-Array-1.yml,true,10.63,10.63,apollon136
Juliet_Test/CWE190_Integer_Overflow__int_max_square_05_good.yml,true,10.65,10.65,apollon096
Juliet_Test/CWE190_Integer_Overflow__int_fscanf_square_53_good.yml,true,10.67,10.66,apollon118
Juliet_Test/CWE190_Integer_Overflow__int_fscanf_square_31_good.yml,true,10.67,10.67,apollon150
list-simple/sll2c_remove_all.yml,true,10.68,10.68,apollon119
hardware-verification-bv/btor2c-lazyMod.driving_phils.3.prop1-func-interl.yml,false(unreach-call),10.69,10.67,apollon082
list-simple/sll2n_append_unequal.yml,true,10.7,10.7,apollon065
Juliet_Test/CWE190_Integer_Overflow__int_rand_square_64_good.yml,true,10.74,10.74,apollon016
Juliet_Test/CWE190_Integer_Overflow__int_fscanf_square_52_good.yml,true,10.75,10.75,apollon076
nla-digbench-scaling/ps4-ll_valuebound1.yml,true,10.77,10.77,apollon019
product-lines/minepump_spec2_product59.cil.yml,true,10.77,10.77,apollon078
loop-lit/gj2007.yml,true,10.78,10.77,apollon082
seq-mthreaded/pals_STARTPALS_Triplicated.1.ufo.BOUNDED-10.pals.yml,true,10.8,5.41,apollon132
nla-digbench-scaling/prodbin-ll_valuebound5.yml,true,10.82,10.82,apollon006
product-lines/minepump_spec2_product40.cil.yml,true,10.91,10.9,apollon016
hardness-nfm22/hardness_operatoramount_amount25_file-65.yml,true,10.93,10.93,apollon054
hardness-nfm22/hardness_variablewrapping_wrapper-a_file-40.yml,true,10.96,10.96,apollon063
hardness-nfm22/hardness_loopvsstraightlinecode_100-while_file-73.yml,true,10.97,10.96,apollon038
product-lines/minepump_spec2_product47.cil.yml,true,10.98,10.98,apollon113
hardness-nfm22/hardness_loopvsstraightlinecode_25-while_file-8.yml,true,10.99,10.99,apollon115
product-lines/minepump_spec2_product56.cil.yml,true,11.0,11.0,apollon135
list-simple/dll2c_insert_unequal.yml,true,11.01,11.01,apollon035
product-lines/minepump_spec2_product34.cil.yml,false(unreach-call),11.04,11.02,apollon031
product-lines/minepump_spec2_product50.cil.yml,true,11.08,11.08,apollon122
product-lines/minepump_spec2_product48.cil.yml,true,11.1,11.1,apollon168
product-lines/minepump_spec2_product52.cil.yml,true,11.13,11.13,apollon134
product-lines/minepump_spec2_product64.cil.yml,true,11.15,11.15,apollon157
Juliet_Test/CWE190_Integer_Overflow__int_rand_square_44_good.yml,true,11.18,11.17,apollon018
hardness-nfm22/hardness_operatoramount_amount100_file-73.yml,true,11.2,11.2,apollon116
product-lines/email_spec0_product10.cil.yml,true,11.23,5.66,apollon016
product-lines/minepump_spec2_product58.cil.yml,true,11.26,11.26,apollon036
Juliet_Test/CWE190_Integer_Overflow__int_fscanf_square_64_good.yml,true,11.3,11.29,apollon089
Juliet_Test/CWE190_Integer_Overflow__int_fscanf_square_63_good.yml,true,11.33,11.32,apollon103
hardness-nfm22/hardness_fillercode_fillercodestructure_filler-ps-co_file-0.yml,true,11.4,11.39,apollon076
hardware-verification-bv/btor2c-lazyMod.sw_ball2004_1.yml,true,11.44,11.43,apollon035
list-simple/sll2n_append_equal.yml,true,11.53,11.53,apollon127
Juliet_Test/CWE190_Integer_Overflow__int_rand_square_65_good.yml,true,11.53,11.52,apollon076
seq-mthreaded/pals_lcr.8.ufo.BOUNDED-16.pals.yml,true,11.54,5.8,apollon044
hardness-nfm22/hardness_fillercode_fillercodestructure_filler-pe-ci_file-3.yml,true,11.56,11.57,apollon022
memsafety/test-0521.yml,true,11.6,11.6,apollon142
hardware-verification-bv/btor2c-lazyMod.cal181.yml,true,11.6,11.6,apollon151
hardness-nfm22/hardness_loopvsstraightlinecode_50-while_file-54.yml,true,11.62,11.61,apollon149
nla-digbench-scaling/hard-u_valuebound50.yml,true,11.62,11.61,apollon056
Juliet_Test/CWE190_Integer_Overflow__int_rand_square_68_good.yml,true,11.64,11.63,apollon050
array-multidimensional/init-4-n-u.yml,true,11.73,11.73,apollon044
hardness-nfm22/hardness_operatoramount_amount250_file-98.yml,true,11.8,11.8,apollon074
list-simple/dll2c_insert_equal.yml,true,11.85,11.84,apollon162
hardness-nfm22/hardness_fillercode_fillercodesize_ps-cn-25_file-3.yml,true,11.94,11.94,apollon041
product-lines/minepump_spec2_product60.cil.yml,true,11.95,11.95,apollon008
product-lines/minepump_spec2_product54.cil.yml,true,11.98,11.97,apollon023
hardness-nfm22/hardness_codestructure_normal_file-35.yml,true,11.98,11.98,apollon166
product-lines/minepump_spec2_product36.cil.yml,false(unreach-call),12.0,11.98,apollon031
list-simple/sll2c_update_all.yml,true,12.02,12.02,apollon014
product-lines/email_spec11_product10.cil.yml,true,12.02,6.06,apollon141
forester-heap/sll-buckets-2.yml,false(unreach-call),12.02,12.01,apollon090
hardness-nfm22/hardness_fillercode_fillercodestructure_filler-pr-ci_file-3.yml,true,12.02,12.02,apollon006
loop-acceleration/array_2-1-simple.yml,true,12.07,12.07,apollon119
Juliet_Test/CWE190_Integer_Overflow__int_rand_square_45_good.yml,true,12.08,12.08,apollon001
termination-crafted/NonTermination3-2.yml,false(termination),12.1,11.92,apollon152
product-lines/minepump_spec2_product38.cil.yml,true,12.15,12.15,apollon118
product-lines/minepump_spec2_product63.cil.yml,true,12.15,12.14,apollon013
product-lines/elevator_spec3_product23.cil.yml,false(unreach-call),12.17,12.16,apollon100
xcsp/Haystacks-07.yml,true,12.19,12.18,apollon051
nla-digbench-scaling/mannadiv_unwindbound10.yml,false(unreach-call),12.23,12.21,apollon129
hardness-nfm22/hardness_variablewrapping_wrapper-s_file-75.yml,true,12.25,12.24,apollon151
floats-cdfpl/newton_1_1.yml,true,12.29,12.28,apollon045
hardness-nfm22/hardness_operatoramount_amount100_file-70.yml,true,12.29,12.29,apollon026
product-lines/minepump_spec2_product39.cil.yml,true,12.31,12.31,apollon072
eca-rers2012/Problem02_label33.yml,true,12.35,12.35,apollon140
hardness-nfm22/hardness_fillercode_fillercodestructure_normal_file-54.yml,true,12.36,12.36,apollon107
hardness-nfm22/hardness_variablewrapping_normal_file-93.yml,true,12.39,12.39,apollon011
loop-acceleration/array_2-2-simple.yml,true,12.4,12.39,apollon111
Juliet_Test/CWE190_Integer_Overflow__int_fscanf_square_54_good.yml,true,12.49,12.48,apollon025
hardness-nfm22/hardness_operatoramount_amount50_file-54.yml,true,12.5,12.5,apollon112
product-lines/elevator_spec3_product29.cil.yml,true,12.5,12.49,apollon107
list-simple/sll2n_remove_all_reverse.yml,true,12.52,12.52,apollon091
list-simple/sll2n_prepend_equal.yml,true,12.59,12.59,apollon085
hardness-nfm22/hardness_fillercode_fillercodesize_normal_file-0.yml,true,12.6,12.59,apollon071
hardness-nfm22/hardness_fillercode_fillercodesize_ps-cn-500_file-22.yml,true,12.61,12.6,apollon085
eca-rers2012/Problem02_label25.yml,true,12.63,12.63,apollon140
hardness-nfm22/hardness_loopvsstraightlinecode_50-1loop_file-54.yml,true,12.64,12.64,apollon151
list-simple/sll2n_append_unequal.yml,true,12.64,12.64,apollon026
seq-mthreaded/pals_STARTPALS_Triplicated.2.ufo.BOUNDED-10.pals.yml,true,12.7,6.36,apollon001
hardness-nfm22/hardness_loopvsstraightlinecode_50-while_file-0.yml,true,12.71,12.72,apollon035
product-lines/minepump_spec2_product35.cil.yml,false(unreach-call),12.71,12.7,apollon009
hardness-nfm22/hardness_fillercode_fillercodestructure_filler-pr-cn_file-3.yml,true,12.75,12.74,apollon084
seq-mthreaded/pals_floodmax.5.2.ufo.BOUNDED-10.pals.yml,true,12.79,6.45,apollon095
hardness-nfm22/hardness_loopvsstraightlinecode_25-while_file-65.yml,true,12.82,12.81,apollon021
hardness-nfm22/hardness_operatoramount_amount100_file-51.yml,true,12.86,12.86,apollon095
eca-rers2012/Problem02_label59.yml,false(unreach-call),12.86,12.86,apollon050
hardness-nfm22/hardness_codestructure_dependencies_file-2.yml,true,12.87,12.87,apollon004
floats-cdfpl/newton_1_2.yml,true,12.94,12.94,apollon082
hardness-nfm22/hardness_fillercode_fillercodestructure_filler-ps-co_file-3.yml,true,12.96,12.95,apollon013
hardness-nfm22/hardness_fillercode_fillercodesize_normal_file-54.yml,true,13.01,13.02,apollon023
xcsp/CostasArray-12.yml,false(unreach-call),13.04,13.02,apollon069
hardness-nfm22/hardness_variablewrapping_wrapper-s_file-52.yml,true,13.06,13.06,apollon022
eca-rers2012/Problem02_label02.yml,true,13.11,13.11,apollon035
hardness-nfm22/hardness_fillercode_fillercodestructure_filler-pe-co_file-54.yml,true,13.12,13.12,apollon076
hardness-nfm22/hardness_codestructure_functionizing_file-5.yml,true,13.14,13.14,apollon118
hardness-nfm22/hardness_fillercode_fillercodestructure_filler-pr-co_file-3.yml,true,13.14,13.13,apollon034
eca-rers2012/Problem02_label50.yml,false(unreach-call),13.14,13.12,apollon086
hardness-nfm22/hardness_codestructure_dependencies_file-8.yml,true,13.16,13.16,apollon150
hardness-nfm22/hardness_codestructure_dependencies_file-35.yml,true,13.17,13.17,apollon049
nla-digbench-scaling/prod4br-ll_unwindbound1.yml,true,13.19,13.18,apollon125
eca-rers2012/Problem02_label51.yml,true,13.25,13.25,apollon140
hardness-nfm22/hardness_operatoramount_amount250_file-21.yml,true,13.25,13.24,apollon045
hardness-nfm22/hardness_fillercode_fillercodesize_ps-cn-100_file-3.yml,true,13.26,13.27,apollon051
Juliet_Test/CWE190_Integer_Overflow__int_rand_square_63_good.yml,true,13.34,13.35,apollon080
product-lines/elevator_spec3_product21.cil.yml,true,13.44,13.43,apollon052
product-lines/minepump_spec2_productSimulator.cil.yml,false(unreach-call),13.49,13.48,apollon032
list-simple/sll2n_insert_unequal.yml,true,13.49,13.48,apollon101
eca-rers2012/Problem02_label04.yml,true,13.5,13.49,apollon140
combinations/gcd_4+newton_1_1.yml,true,13.51,13.5,apollon012
hardness-nfm22/hardness_operatoramount_amount50_file-3.yml,true,13.56,13.56,apollon023
hardware-verification-bv/btor2c-lazyMod.driving_phils.4.prop1-func-interl.yml,false(unreach-call),13.58,13.57,apollon112
seq-mthreaded/pals_STARTPALS_Triplicated.ufo.BOUNDED-10.pals.yml,true,13.58,6.81,apollon129
eca-rers2012/Problem02_label44.yml,false(unreach-call),13.6,13.58,apollon072
hardness-nfm22/hardness_codestructure_dependencies_file-54.yml,true,13.63,13.62,apollon034
hardware-verification-bv/btor2c-lazyMod.production_cell.5.prop1-func-interl.yml,false(unreach-call),13.64,13.63,apollon035
hardness-nfm22/hardness_loopvsstraightlinecode_50-1loop_file-3.yml,true,13.66,13.66,apollon018
hardness-nfm22/hardness_loopvsstraightlinecode_100-while_file-70.yml,true,13.67,13.66,apollon049
hardware-verification-bv/btor2c-lazyMod.h_Rrobin.yml,true,13.73,13.73,apollon043
eca-rers2012/Problem02_label13.yml,false(unreach-call),13.73,13.71,apollon168
eca-rers2012/Problem02_label31.yml,true,13.78,13.77,apollon154
hardness-nfm22/hardness_fillercode_fillercodestructure_filler-pr-ci_file-35.yml,true,13.8,13.8,apollon122
hardness-nfm22/hardness_fillercode_fillercodesize_ps-cn-500_file-33.yml,true,13.8,13.8,apollon090
hardness-nfm22/hardness_fillercode_fillercodestructure_normal_file-0.yml,true,13.91,13.91,apollon113
hardness-nfm22/hardness_fillercode_fillercodestructure_filler-ps-co_file-54.yml,true,13.92,13.91,apollon150
hardness-nfm22/hardness_operatoramount_amount250_file-11.yml,true,13.96,13.96,apollon091
nla-digbench-scaling/hard2_valuebound5.yml,true,13.98,13.98,apollon040
eca-rers2012/Problem02_label39.yml,true,14.0,14.0,apollon052
hardness-nfm22/hardness_fillercode_fillercodestructure_filler-pr-co_file-35.yml,true,14.02,14.01,apollon089
hardness-nfm22/hardness_fillercode_fillercodestructure_filler-pr-cn_file-54.yml,true,14.02,14.01,apollon104
hardness-nfm22/hardness_fillercode_fillercodestructure_filler-pr-co_file-54.yml,true,14.04,14.04,apollon023
hardness-nfm22/hardness_loopvsstraightlinecode_50-1loop_file-0.yml,true,14.04,14.04,apollon069
list-simple/dll2n_append_equal.yml,true,14.06,14.06,apollon147
eca-rers2012/Problem02_label32.yml,true,14.07,14.08,apollon152
hardness-nfm22/hardness_fillercode_fillercodesize_ps-cn-50_file-54.yml,true,14.07,14.06,apollon127
hardness-nfm22/hardness_operatoramount_amount10_file-71.yml,true,14.08,14.08,apollon075
Juliet_Test/CWE190_Integer_Overflow__int_rand_square_01_good.yml,true,14.09,14.09,apollon062
nla-digbench-scaling/ps4-ll_unwindbound1.yml,false(unreach-call),14.1,14.09,apollon025
product-lines/minepump_spec4_product33.cil.yml,false(unreach-call),14.12,14.12,apollon026
eca-rers2012/Problem02_label35.yml,true,14.14,14.13,apollon156
heap-manipulation/merge_sort-1.yml,false(unreach-call),14.15,14.13,apollon111
eca-rers2012/Problem02_label36.yml,true,14.21,14.21,apollon099
eca-rers2012/Problem02_label11.yml,true,14.22,14.22,apollon122
list-simple/dll2c_update_all_reverse.yml,true,14.25,14.26,apollon049
eca-rers2012/Problem02_label42.yml,true,14.3,14.3,apollon049
eca-rers2012/Problem02_label09.yml,true,14.3,14.29,apollon011
hardness-nfm22/hardness_fillercode_fillercodesize_ps-cn-10_file-35.yml,true,14.31,14.31,apollon080
hardness-nfm22/hardness_fillercode_fillercodesize_ps-cn-10_file-54.yml,true,14.31,14.31,apollon002
list-simple/sll2c_append_unequal.yml,true,14.38,14.39,apollon141
hardness-nfm22/hardness_fillercode_fillercodestructure_filler-ps-ci_file-35.yml,true,14.41,14.41,apollon092
eca-rers2012/Problem02_label06.yml,true,14.43,14.42,apollon119
eca-rers2012/Problem02_label05.yml,true,14.43,14.43,apollon013
eca-rers2012/Problem02_label03.yml,true,14.44,14.44,apollon021
hardness-nfm22/hardness_fillercode_fillercodesize_ps-cn-25_file-54.yml,true,14.53,14.52,apollon008
eca-rers2012/Problem02_label26.yml,true,14.53,14.53,apollon011
product-lines/elevator_spec3_product18.cil.yml,true,14.54,14.53,apollon140
hardness-nfm22/hardness_fillercode_fillercodesize_ps-cn-10_file-2.yml,true,14.55,14.56,apollon028
eca-rers2012/Problem02_label19.yml,true,14.56,14.56,apollon142
hardness-nfm22/hardness_floatingpointinfluence_has-floats_file-93.yml,false(unreach-call),14.57,14.56,apollon148
hardness-nfm22/hardness_fillercode_fillercodestructure_filler-pe-cn_file-35.yml,true,14.63,14.63,apollon044
product-lines/elevator_spec3_product20.cil.yml,false(unreach-call),14.63,14.62,apollon151
hardness-nfm22/hardness_operatoramount_amount250_file-35.yml,true,14.65,14.66,apollon136
hardness-nfm22/hardness_loopvsstraightlinecode_50-1loop_file-35.yml,true,14.65,14.66,apollon162
list-simple/sll2c_update_all_reverse.yml,true,14.66,14.67,apollon132
hardness-nfm22/hardness_operatoramount_amount250_file-46.yml,true,14.66,14.66,apollon060
list-simple/sll2n_prepend_unequal.yml,true,14.67,14.66,apollon150
hardness-nfm22/hardness_codestructure_steplocals_file-35.yml,true,14.67,14.67,apollon004
eca-rers2012/Problem02_label16.yml,false(unreach-call),14.68,14.67,apollon164
eca-rers2012/Problem02_label14.yml,true,14.69,14.69,apollon001
Juliet_Test/CWE190_Integer_Overflow__int_rand_square_42_good.yml,true,14.75,14.74,apollon161
hardness-nfm22/hardness_variablewrapping_wrapper-p_file-60.yml,true,14.77,14.77,apollon127
hardness-nfm22/hardness_operatoramount_amount100_file-10.yml,true,14.77,14.76,apollon124
seq-mthreaded/pals_opt-floodmax.5.1.ufo.BOUNDED-10.pals.yml,true,14.78,7.43,apollon014
eca-rers2012/Problem02_label46.yml,true,14.79,14.78,apollon026
list-simple/dll2n_insert_equal.yml,true,14.85,14.85,apollon042
list-simple/sll2c_update_all.yml,true,14.85,14.85,apollon028
array-tiling/pr3.yml,true,14.91,14.9,apollon162
hardness-nfm22/hardness_fillercode_fillercodestructure_normal_file-3.yml,true,14.91,14.9,apollon026
nla-digbench-scaling/prodbin-ll_valuebound10.yml,true,14.92,14.92,apollon147
eca-rers2012/Problem02_label10.yml,true,14.95,14.96,apollon041
hardness-nfm22/hardness_loopvsstraightlinecode_50-while_file-2.yml,true,14.96,14.97,apollon005
eca-rers2012/Problem02_label29.yml,true,14.98,14.97,apollon119
product-lines/elevator_spec3_product31.cil.yml,false(unreach-call),15.01,15.0,apollon095
floats-cdfpl/newton_1_3.yml,true,15.02,15.02,apollon105
eca-rers2012/Problem02_label43.yml,false(unreach-call),15.02,15.0,apollon088
hardness-nfm22/hardness_fillercode_fillercodesize_normal_file-35.yml,true,15.03,15.04,apollon104
hardness-nfm22/hardness_fillercode_fillercodesize_ps-cn-50_file-35.yml,true,15.04,15.04,apollon056
eca-rers2012/Problem02_label54.yml,true,15.04,15.05,apollon073
product-lines/elevator_spec14_product28.cil.yml,false(unreach-call),15.05,15.05,apollon092
hardness-nfm22/hardness_fillercode_fillercodesize_ps-cn-10_file-3.yml,true,15.07,15.08,apollon111
hardness-nfm22/hardness_fillercode_fillercodestructure_filler-ps-ci_file-54.yml,true,15.08,15.08,apollon058
hardness-nfm22/hardness_loopvsstraightlinecode_25-1loop_file-79.yml,true,15.08,15.07,apollon039
eca-rers2012/Problem02_label23.yml,true,15.16,15.15,apollon115
hardness-nfm22/hardness_fillercode_fillercodesize_normal_file-3.yml,true,15.2,15.2,apollon046
list-simple/sll2n_insert_equal.yml,true,15.22,15.22,apollon095
hardness-nfm22/hardness_fillercode_fillercodesize_ps-cn-250_file-54.yml,true,15.23,15.23,apollon063
hardness-nfm22/hardness_fillercode_fillercodesize_ps-cn-25_file-35.yml,true,15.23,15.22,apollon036
eca-rers2012/Problem02_label55.yml,true,15.24,15.25,apollon058
combinations/gcd_2+newton_2_8.yml,false(unreach-call),15.24,15.24,apollon125
nla-digbench-scaling/egcd2-ll_valuebound1.yml,true,15.29,15.28,apollon098
hardness-nfm22/hardness_loopvsstraightlinecode_100-1loop_file-10.yml,true,15.3,15.29,apollon145
combinations/gcd_4+newton_1_3.yml,true,15.31,15.3,apollon013
eca-rers2012/Problem02_label47.yml,true,15.31,15.31,apollon011
eca-rers2012/Problem02_label49.yml,true,15.34,15.35,apollon100
list-simple/dll2n_prepend_equal.yml,true,15.35,15.34,apollon001
Juliet_Test/CWE190_Integer_Overflow__int_rand_square_16_good.yml,true,15.36,15.35,apollon159
hardness-nfm22/hardness_fillercode_fillercodestructure_filler-ps-ci_file-2.yml,true,15.36,15.36,apollon024
hardness-nfm22/hardness_fillercode_fillercodesize_ps-cn-500_file-85.yml,true,15.37,15.37,apollon016
hardness-nfm22/hardness_fillercode_fillercodestructure_filler-ps-ci_file-3.yml,true,15.39,15.39,apollon037
hardness-nfm22/hardness_fillercode_fillercodesize_ps-cn-500_file-7.yml,true,15.4,15.39,apollon084
hardness-nfm22/hardness_operatoramount_amount500_file-97.yml,true,15.41,15.41,apollon105
hardness-nfm22/hardness_fillercode_fillercodestructure_filler-pe-ci_file-2.yml,true,15.42,15.42,apollon132
hardness-nfm22/hardness_fillercode_fillercodestructure_filler-pe-co_file-3.yml,true,15.46,15.47,apollon163
eca-rers2012/Problem02_label12.yml,true,15.46,15.46,apollon069
eca-rers2012/Problem02_label20.yml,true,15.53,15.53,apollon158
eca-rers2012/Problem02_label45.yml,false(unreach-call),15.55,15.54,apollon079
Juliet_Test/CWE190_Integer_Overflow__int_max_square_44_good.yml,true,15.56,15.56,apollon056
floats-cdfpl/newton_2_7.yml,false(unreach-call),15.6,15.58,apollon097
eca-rers2012/Problem02_label52.yml,true,15.63,15.63,apollon077
nla-digbench-scaling/cohendiv-ll_unwindbound2.yml,true,15.63,15.63,apollon008
combinations/gcd_2+newton_1_2.yml,true,15.66,15.66,apollon139
eca-rers2012/Problem02_label21.yml,true,15.67,15.68,apollon106
hardness-nfm22/hardness_operatoramount_amount10_file-95.yml,true,15.69,15.68,apollon089
hardness-nfm22/hardness_fillercode_fillercodesize_ps-cn-250_file-14.yml,true,15.71,15.71,apollon017
list-simple/dll2n_insert_unequal.yml,true,15.71,15.71,apollon158
product-lines/minepump_spec4_product41.cil.yml,false(unreach-call),15.78,15.77,apollon091
hardness-nfm22/hardness_fillercode_fillercodestructure_filler-pe-co_file-2.yml,true,15.79,15.78,apollon149
product-lines/elevator_spec3_product28.cil.yml,false(unreach-call),15.83,15.82,apollon041
loops/lu.cmp.yml,true,15.84,15.83,apollon060
eca-rers2012/Problem02_label01.yml,true,15.84,15.83,apollon120
hardness-nfm22/hardness_loopvsstraightlinecode_50-1loop_file-2.yml,true,15.85,15.84,apollon003
hardness-nfm22/hardness_variablewrapping_wrapper-p_file-75.yml,true,15.86,15.86,apollon070
hardness-nfm22/hardness_fillercode_fillercodestructure_filler-pr-cn_file-2.yml,true,15.9,15.91,apollon068
hardness-nfm22/hardness_operatoramount_amount50_file-2.yml,true,15.91,15.91,apollon009
eca-rers2012/Problem02_label53.yml,true,15.91,15.9,apollon091
hardness-nfm22/hardness_fillercode_fillercodesize_ps-cn-500_file-17.yml,true,15.92,15.93,apollon128
combinations/gcd_3+newton_1_1.yml,true,15.95,15.95,apollon094
Juliet_Test/CWE190_Integer_Overflow__int_rand_square_54_good.yml,true,15.97,15.97,apollon014
eca-rers2012/Problem02_label24.yml,true,16.0,15.99,apollon116
combinations/gcd_1+newton_3_7.yml,false(unreach-call),16.02,16.0,apollon146
combinations/gcd_2+newton_1_3.yml,true,16.03,16.03,apollon104
hardness-nfm22/hardness_fillercode_fillercodestructure_filler-pe-ci_file-54.yml,true,16.03,16.03,apollon076
eca-rers2012/Problem02_label34.yml,true,16.08,16.08,apollon115
eca-rers2012/Problem02_label15.yml,true,16.1,16.11,apollon026
hardness-nfm22/hardness_fillercode_fillercodestructure_filler-pe-cn_file-54.yml,true,16.15,16.14,apollon042
hardness-nfm22/hardness_fillercode_fillercodesize_ps-cn-500_file-28.yml,true,16.15,16.15,apollon014
eca-rers2012/Problem02_label00.yml,true,16.2,16.19,apollon144
eca-rers2012/Problem02_label30.yml,true,16.21,16.2,apollon051
seq-mthreaded/pals_opt-floodmax.5.3.ufo.BOUNDED-10.pals.yml,true,16.24,8.17,apollon042
hardness-nfm22/hardness_fillercode_fillercodesize_ps-cn-50_file-2.yml,true,16.25,16.25,apollon101
hardness-nfm22/hardness_operatoramount_amount25_file-79.yml,true,16.31,16.31,apollon144
Juliet_Test/CWE190_Integer_Overflow__int_max_square_65_good.yml,true,16.33,16.32,apollon146
list-simple/dll2n_append_unequal.yml,true,16.34,16.34,apollon100
nla-digbench-scaling/ps2-ll_valuebound2.yml,true,16.38,16.38,apollon165
hardness-nfm22/hardness_variablewrapping_wrapper-sp_file-60.yml,true,16.41,16.41,apollon002
hardness-nfm22/hardness_fillercode_fillercodestructure_normal_file-2.yml,true,16.41,16.4,apollon024
heap-manipulation/tree-2.yml,false(unreach-call),16.43,16.41,apollon139
Juliet_Test/CWE190_Integer_Overflow__int_fscanf_square_16_good.yml,true,16.44,16.44,apollon097
Juliet_Test/CWE190_Integer_Overflow__int_fscanf_square_42_good.yml,true,16.52,16.51,apollon085
nla-digbench-scaling/egcd-ll_valuebound2.yml,true,16.53,16.53,apollon064
nla-digbench-scaling/ps4-ll_valuebound1.yml,true,16.53,16.56,apollon071
product-lines/elevator_spec14_product20.cil.yml,false(unreach-call),16.57,16.56,apollon119
eca-rers2012/Problem02_label22.yml,true,16.58,16.58,apollon085
nla-digbench-scaling/ps2-ll_unwindbound2.yml,true,16.58,16.58,apollon108
Juliet_Test/CWE190_Integer_Overflow__int_rand_square_18_good.yml,true,16.68,16.69,apollon061
hardness-nfm22/hardness_fillercode_fillercodesize_ps-cn-25_file-2.yml,true,16.68,16.68,apollon065
combinations/gcd_3+newton_1_2.yml,true,16.7,16.7,apollon161
list-simple/dll2c_update_all_reverse.yml,true,16.71,16.7,apollon127
list-ext2-properties/list_and_tree_cnstr-1.yml,false(unreach-call),16.72,16.7,apollon079
ldv-linux-3.4-simple/32_1_cilled_ok_nondet_linux-3.4-32_1-drivers--macintosh--mac_hid.ko-ldv_main0_sequence_infinite_withcheck_stateful.cil.out.yml,false(valid-free),16.77,16.76,apollon159
hardness-nfm22/hardness_fillercode_fillercodestructure_filler-ps-co_file-2.yml,true,16.79,16.78,apollon028
eca-rers2012/Problem02_label40.yml,true,16.82,16.82,apollon102
hardness-nfm22/hardness_fillercode_fillercodestructure_filler-pe-ci_file-35.yml,true,16.84,16.84,apollon043
hardness-nfm22/hardness_fillercode_fillercodesize_ps-cn-250_file-56.yml,true,16.85,16.85,apollon040
list-simple/dll2c_update_all.yml,true,16.98,16.97,apollon099
hardness-nfm22/hardness_loopvsstraightlinecode_25-while_file-79.yml,true,16.98,16.99,apollon067
hardness-nfm22/hardness_loopvsstraightlinecode_50-while_file-35.yml,true,17.0,17.0,apollon154
list-simple/sll2c_update_all_reverse.yml,true,17.09,17.1,apollon108
list-simple/dll2n_prepend_unequal.yml,true,17.09,17.08,apollon146
hardness-nfm22/hardness_loopvsstraightlinecode_100-while_file-76.yml,true,17.09,17.09,apollon132
hardness-nfm22/hardness_fillercode_fillercodestructure_filler-pe-co_file-35.yml,true,17.09,17.11,apollon035
eca-rers2012/Problem02_label41.yml,true,17.14,17.13,apollon102
hardness-nfm22/hardness_fillercode_fillercodestructure_filler-pr-cn_file-35.yml,true,17.18,17.18,apollon149
eca-rers2012/Problem02_label56.yml,true,17.18,17.17,apollon152
nla-digbench-scaling/cohendiv-ll_unwindbound1.yml,true,17.23,17.23,apollon075
product-lines/elevator_spec3_product26.cil.yml,true,17.27,17.26,apollon015
combinations/gcd_2+newton_1_1.yml,true,17.3,17.3,apollon014
nla-digbench-scaling/ps5-ll_valuebound1.yml,true,17.3,17.3,apollon040
hardness-nfm22/hardness_fillercode_fillercodestructure_filler-pr-ci_file-2.yml,true,17.31,17.31,apollon153
nla-digbench-scaling/hard2_valuebound20.yml,true,17.35,17.36,apollon069
seq-mthreaded/pals_floodmax.4.ufo.BOUNDED-8.pals.yml,true,17.36,8.69,apollon135
hardness-nfm22/hardness_fillercode_fillercodesize_normal_file-2.yml,true,17.37,17.37,apollon080
hardness-nfm22/hardness_loopvsstraightlinecode_100-1loop_file-34.yml,true,17.45,17.43,apollon076
list-simple/dll2c_update_all.yml,true,17.53,17.53,apollon012
hardness-nfm22/hardness_fillercode_fillercodestructure_filler-ps-co_file-35.yml,true,17.59,17.58,apollon105
nla-digbench-scaling/hard2_valuebound10.yml,true,17.61,17.61,apollon031
combinations/gcd_1+newton_1_3.yml,true,17.62,17.61,apollon027
Juliet_Test/CWE190_Integer_Overflow__int_fscanf_square_65_good.yml,true,17.65,17.65,apollon147
heap-manipulation/tree-4.yml,false(unreach-call),17.7,17.69,apollon075
hardness-nfm22/hardness_fillercode_fillercodestructure_filler-ps-ci_file-0.yml,true,17.72,17.72,apollon084
memsafety-broom/linux-hlist-middle-data.yml,true,17.75,17.76,apollon050
hardness-nfm22/hardness_operatoramount_amount250_file-8.yml,true,17.75,17.75,apollon021
hardness-nfm22/hardness_loopvsstraightlinecode_100-while_file-51.yml,true,17.76,17.75,apollon149
hardness-nfm22/hardness_codestructure_steplocals_file-72.yml,true,17.81,17.82,apollon118
combinations/gcd_1+newton_1_2.yml,true,17.83,17.82,apollon084
hardness-nfm22/hardness_loopvsstraightlinecode_50-while_file-3.yml,true,17.88,17.87,apollon045
hardness-nfm22/hardness_loopvsstraightlinecode_100-1loop_file-51.yml,true,17.91,17.92,apollon156
nla-digbench-scaling/cohencu-ll_unwindbound1.yml,true,17.92,17.92,apollon037
Juliet_Test/CWE190_Integer_Overflow__int_rand_square_32_good.yml,true,17.98,17.98,apollon012
Juliet_Test/CWE190_Integer_Overflow__int_max_square_21_good.yml,true,18.02,18.01,apollon129
hardness-nfm22/hardness_fillercode_fillercodestructure_filler-pr-co_file-2.yml,true,18.03,18.04,apollon042
hardness-nfm22/hardness_fillercode_fillercodestructure_filler-pr-ci_file-54.yml,true,18.11,18.11,apollon079
Juliet_Test/CWE190_Integer_Overflow__int_fscanf_square_44_good.yml,true,18.15,18.14,apollon139
combinations/gcd_4+newton_1_2.yml,true,18.16,18.16,apollon042
hardness-nfm22/hardness_operatoramount_amount250_file-80.yml,true,18.2,18.19,apollon151
Juliet_Test/CWE190_Integer_Overflow__int_rand_square_61_good.yml,true,18.34,18.33,apollon112
nla-digbench-scaling/mannadiv_unwindbound10.yml,true,18.34,18.34,apollon028
hardness-nfm22/hardness_fillercode_fillercodestructure_filler-pe-cn_file-2.yml,true,18.38,18.38,apollon094
hardness-nfm22/hardness_variablewrapping_wrapper-sp_file-99.yml,true,18.44,18.43,apollon077
xcsp/AllInterval-012.yml,false(unreach-call),18.55,18.54,apollon116
hardness-nfm22/hardness_loopvsstraightlinecode_100-while_file-71.yml,true,18.55,18.6,apollon156
hardness-nfm22/hardness_operatoramount_amount50_file-35.yml,true,18.57,18.57,apollon014
floats-cdfpl/square_7.yml,true,18.77,18.76,apollon075
hardness-nfm22/hardness_variablewrapping_wrapper-p_file-99.yml,true,18.81,18.8,apollon074
combinations/gcd_1+newton_1_1.yml,true,18.82,18.82,apollon071
Juliet_Test/CWE190_Integer_Overflow__int_max_square_22_good.yml,true,18.92,18.91,apollon121
hardness-nfm22/hardness_fillercode_fillercodestructure_filler-pr-cn_file-0.yml,true,19.06,19.06,apollon100
nla-digbench-scaling/sqrt1-ll_valuebound5.yml,true,19.1,19.09,apollon112
nla-digbench-scaling/ps4-ll_unwindbound1.yml,true,19.24,19.25,apollon158
hardness-nfm22/hardness_fillercode_fillercodesize_ps-cn-250_file-2.yml,true,19.35,19.35,apollon143
Juliet_Test/CWE190_Integer_Overflow__int_rand_square_41_good.yml,true,19.4,19.4,apollon060
nla-digbench-scaling/dijkstra-u_valuebound10.yml,true,19.41,19.4,apollon018
hardness-nfm22/hardness_fillercode_fillercodestructure_normal_file-35.yml,true,19.42,19.41,apollon018
list-simple/dll2n_remove_all_reverse.yml,true,19.5,19.5,apollon111
memsafety-ext/tree_of_cslls.yml,true,19.56,19.56,apollon119
hardness-nfm22/hardness_codestructure_normal_file-72.yml,true,19.65,19.65,apollon039
hardness-nfm22/hardness_fillercode_fillercodestructure_filler-pr-co_file-0.yml,true,19.66,19.66,apollon108
loops/sum_array-2-2.yml,true,19.7,19.7,apollon014
hardness-nfm22/hardness_fillercode_fillercodesize_ps-cn-100_file-2.yml,true,19.73,19.73,apollon036
xcsp/CostasArray-13.yml,false(unreach-call),19.76,19.75,apollon042
nla-digbench-scaling/bresenham-ll_valuebound1.yml,true,19.76,19.77,apollon100
list-simple/sll2n_append_equal.yml,true,19.79,19.79,apollon125
hardness-nfm22/hardness_operatoramount_amount250_file-99.yml,true,19.83,19.83,apollon161
product-lines/minepump_spec4_product37.cil.yml,false(unreach-call),19.84,19.82,apollon049
hardness-nfm22/hardness_fillercode_fillercodesize_ps-cn-100_file-35.yml,true,19.85,19.85,apollon091
Juliet_Test/CWE190_Integer_Overflow__int_rand_square_52_good.yml,true,19.9,19.89,apollon036
nla-digbench-scaling/egcd3-ll_valuebound1.yml,true,20.06,20.07,apollon015
hardware-verification-bv/btor2c-lazyMod.production_cell.6.prop1-func-interl.yml,false(unreach-call),20.11,20.1,apollon089
hardness-nfm22/hardness_variablewrapping_wrapper-a_file-75.yml,true,20.11,20.11,apollon031
product-lines/minepump_spec4_product45.cil.yml,false(unreach-call),20.15,20.15,apollon159
nla-digbench-scaling/sqrt1-ll_valuebound10.yml,true,20.15,20.15,apollon014
hardness-nfm22/hardness_fillercode_fillercodestructure_filler-ps-cn_file-3.yml,true,20.17,20.17,apollon131
Juliet_Test/CWE190_Integer_Overflow__int_fscanf_square_17_good.yml,true,20.18,20.17,apollon063
combinations/gcd_2+newton_2_7.yml,false(unreach-call),20.3,20.28,apollon157
Juliet_Test/CWE190_Integer_Overflow__int_rand_square_17_good.yml,true,20.35,20.35,apollon122
hardness-nfm22/hardness_variablewrapping_wrapper-p_file-65.yml,true,20.42,20.42,apollon109
hardness-nfm22/hardness_operatoramount_amount250_file-44.yml,true,20.48,20.49,apollon111
hardness-nfm22/hardness_fillercode_fillercodesize_ps-cn-100_file-54.yml,true,20.58,20.59,apollon046
list-simple/sll2n_append_unequal.yml,true,20.66,20.67,apollon046
hardness-nfm22/hardness_loopvsstraightlinecode_100-1loop_file-76.yml,true,20.74,20.75,apollon051
nla-digbench-scaling/ps6-ll_valuebound1.yml,true,20.76,20.76,apollon058
combinations/gcd_3+newton_1_3.yml,true,20.78,20.78,apollon124
list-simple/sll2c_update_all_reverse.yml,true,20.8,20.79,apollon076
hardness-nfm22/hardness_loopvsstraightlinecode_100-1loop_file-4.yml,true,20.8,20.8,apollon146
list-simple/sll2c_update_all.yml,true,20.85,20.85,apollon119
hardness-nfm22/hardness_fillercode_fillercodestructure_filler-ps-cn_file-54.yml,true,20.9,20.89,apollon123
hardness-nfm22/hardness_fillercode_fillercodestructure_filler-ps-cn_file-2.yml,true,21.01,21.01,apollon098
nla-digbench-scaling/egcd3-ll_unwindbound1.yml,true,21.03,21.04,apollon008
hardness-nfm22/hardness_operatoramount_amount250_file-81.yml,true,21.05,21.05,apollon025
nla-digbench-scaling/egcd-ll_valuebound2.yml,true,21.15,21.16,apollon157
product-lines/elevator_spec14_product03.cil.yml,true,21.21,21.2,apollon075
Juliet_Test/CWE190_Integer_Overflow__int_max_square_15_good.yml,true,21.28,21.27,apollon071
product-lines/elevator_spec14_product27.cil.yml,true,21.33,21.33,apollon151
psyco/psyco_abp_1-1.yml,true,21.34,21.34,apollon021
array-examples/standard_palindrome_ground.yml,true,21.47,21.48,apollon055
list-simple/sll2c_remove_all_reverse.yml,true,21.51,21.51,apollon160
hardness-nfm22/hardness_operatoramount_amount250_file-51.yml,true,21.65,21.64,apollon102
nla-digbench-scaling/cohencu-ll_unwindbound1.yml,false(unreach-call),21.65,21.63,apollon049
hardness-nfm22/hardness_operatoramount_amount100_file-76.yml,true,21.69,21.69,apollon079
nla-digbench-scaling/dijkstra-u_valuebound5.yml,true,21.78,21.79,apollon120
hardness-nfm22/hardness_fillercode_fillercodestructure_filler-ps-cn_file-35.yml,true,21.84,21.84,apollon065
nla-digbench-scaling/sqrt1-ll_valuebound20.yml,true,21.87,21.87,apollon084
hardness-nfm22/hardness_operatoramount_amount10_file-99.yml,true,22.07,22.08,apollon009
Juliet_Test/CWE190_Integer_Overflow__int_rand_square_67_good.yml,true,22.13,22.12,apollon133
product-lines/minepump_spec4_product34.cil.yml,false(unreach-call),22.13,22.13,apollon163
hardness-nfm22/hardness_operatoramount_amount250_file-94.yml,true,22.24,22.24,apollon157
hardness-nfm22/hardness_fillercode_fillercodesize_ps-cn-500_file-23.yml,true,22.32,22.33,apollon161
list-simple/dll2c_update_all.yml,true,22.33,22.33,apollon047
nla-digbench-scaling/ps5-ll_unwindbound1.yml,false(unreach-call),22.33,22.31,apollon029
forester-heap/sll-rb-sentinel-2.yml,false(valid-memcleanup),22.49,22.48,apollon150
hardness-nfm22/hardness_loopvsstraightlinecode_100-1loop_file-0.yml,true,22.51,22.51,apollon007
hardness-nfm22/hardness_fillercode_fillercodesize_ps-cn-250_file-3.yml,true,22.52,22.53,apollon123
nla-digbench-scaling/bresenham-ll_valuebound1.yml,true,22.54,22.54,apollon111
termination-crafted-lit/HeizmannHoenickeLeikePodelski-ATVA2013-Fig7.yml,false(no-overflow),22.62,22.6,apollon103
seq-mthreaded/pals_opt-floodmax.4.4.ufo.BOUNDED-8.pals.yml,true,22.64,11.36,apollon015
hardness-nfm22/hardness_operatoramount_amount100_file-71.yml,true,22.64,22.64,apollon147
hardness-nfm22/hardness_variablewrapping_wrapper-sp_file-65.yml,true,22.79,22.8,apollon085
nla-digbench-scaling/bresenham-ll_unwindbound1.yml,false(unreach-call),22.93,22.92,apollon034
hardness-nfm22/hardness_variablewrapping_wrapper-a_file-80.yml,true,22.94,22.93,apollon049
nla-digbench/hard-u.yml,false(unreach-call),22.94,22.93,apollon062
list-simple/sll2n_insert_equal.yml,true,22.96,22.95,apollon006
Juliet_Test/CWE190_Integer_Overflow__int_fscanf_square_18_good.yml,true,22.99,22.99,apollon168
combinations/gcd_3+newton_2_6.yml,false(unreach-call),23.0,22.98,apollon008
hardness-nfm22/hardness_fillercode_fillercodesize_ps-cn-500_file-83.yml,true,23.02,23.02,apollon129
hardware-verification-bv/btor2c-lazyMod.synabs.yml,true,23.11,23.12,apollon097
nla-digbench-scaling/hard-ll_valuebound2.yml,true,23.15,23.14,apollon008
list-simple/sll2n_insert_unequal.yml,true,23.17,23.16,apollon041
hardness-nfm22/hardness_operatoramount_amount25_file-59.yml,true,23.2,23.2,apollon008
nla-digbench-scaling/knuth_valuebound10.yml,true,23.31,23.31,apollon073
product-lines/email_spec8_product28.cil.yml,true,23.32,11.69,apollon028
nla-digbench-scaling/knuth_valuebound10.yml,true,23.36,23.36,apollon096
hardness-nfm22/hardness_fillercode_fillercodesize_ps-cn-50_file-3.yml,true,23.78,23.79,apollon162
product-lines/minepump_spec4_product43.cil.yml,false(unreach-call),23.83,23.81,apollon027
floats-cdfpl/sine_4.yml,true,23.87,23.87,apollon036
hardness-nfm22/hardness_loopvsstraightlinecode_50-1loop_file-73.yml,true,23.88,23.89,apollon005
list-simple/dll2n_insert_equal.yml,true,23.95,23.95,apollon071
hardness-nfm22/hardness_loopvsstraightlinecode_25-while_file-59.yml,true,23.96,23.96,apollon106
nla-digbench-scaling/hard2_valuebound100.yml,true,23.99,23.99,apollon050
product-lines/elevator_spec14_product11.cil.yml,true,24.05,24.05,apollon017
product-lines/elevator_spec14_product24.cil.yml,false(unreach-call),24.13,24.12,apollon047
product-lines/minepump_spec4_product44.cil.yml,false(unreach-call),24.15,24.13,apollon071
bitvector/soft_float_3.c.cil.yml,false(no-overflow),24.2,24.19,apollon092
nla-digbench-scaling/divbin_valuebound2.yml,true,24.24,24.24,apollon128
hardness-nfm22/hardness_loopvsstraightlinecode_100-1loop_file-78.yml,true,24.41,24.41,apollon006
hardness-nfm22/hardness_operatoramount_amount500_file-82.yml,true,24.44,24.43,apollon093
product-lines/minepump_spec4_product38.cil.yml,false(unreach-call),24.44,24.44,apollon089
hardness-nfm22/hardness_operatoramount_amount250_file-69.yml,true,24.55,24.55,apollon096
product-lines/elevator_spec14_product23.cil.yml,true,24.59,24.59,apollon052
nla-digbench-scaling/egcd-ll_unwindbound1.yml,true,24.62,24.62,apollon138
product-lines/email_spec0_product09.cil.yml,true,24.65,12.35,apollon105
nla-digbench-scaling/hard2_valuebound50.yml,true,24.81,24.83,apollon032
hardness-nfm22/hardness_loopvsstraightlinecode_100-while_file-4.yml,true,24.82,24.82,apollon107
hardness-nfm22/hardness_floatingpointinfluence_has-floats_file-93_fixed.yml,true,24.84,24.84,apollon072
nla-digbench-scaling/geo2-ll_unwindbound1.yml,true,24.85,24.84,apollon061
list-simple/dll2c_update_all_reverse.yml,true,24.94,24.94,apollon050
product-lines/elevator_spec3_product24.cil.yml,false(unreach-call),24.98,24.97,apollon007
product-lines/minepump_spec4_product35.cil.yml,false(unreach-call),25.11,25.09,apollon081
product-lines/elevator_spec3_product30.cil.yml,true,25.15,25.14,apollon112
eca-rers2012/Problem01_label58.yml,true,25.16,25.15,apollon105
Juliet_Test/CWE190_Integer_Overflow__int_rand_square_51_good.yml,true,25.18,25.18,apollon142
hardness-nfm22/hardness_codestructure_normal_file-44.yml,true,25.21,25.2,apollon062
product-lines/minepump_spec4_product40.cil.yml,false(unreach-call),25.32,25.31,apollon105
hardness-nfm22/hardness_loopvsstraightlinecode_100-while_file-78.yml,true,25.34,25.35,apollon051
combinations/gcd_4+newton_2_6.yml,false(unreach-call),25.36,25.36,apollon129
bitvector/soft_float_3a.c.cil.yml,true,25.39,25.39,apollon010
bitvector/soft_float_2.c.cil.yml,false(no-overflow),25.41,25.39,apollon104
hardness-nfm22/hardness_fillercode_fillercodesize_ps-cn-500_file-35.yml,true,25.44,25.44,apollon156
product-lines/elevator_spec14_product19.cil.yml,true,25.44,25.43,apollon148
list-simple/dll2n_append_equal.yml,true,25.49,25.51,apollon080
product-lines/minepump_spec4_product36.cil.yml,false(unreach-call),25.51,25.5,apollon081
hardness-nfm22/hardness_fillercode_fillercodesize_ps-cn-250_file-35.yml,true,25.51,25.52,apollon002
hardness-nfm22/hardness_codestructure_functionizing_file-7.yml,true,25.52,25.52,apollon141
forester-heap/sll-buckets-2.yml,false(valid-memcleanup),25.52,25.52,apollon007
product-lines/email_spec1_product30.cil.yml,true,25.6,12.84,apollon061
hardness-nfm22/hardness_operatoramount_amount100_file-78.yml,true,25.76,25.75,apollon115
Juliet_Test/CWE190_Integer_Overflow__int_rand_square_53_good.yml,true,26.02,26.02,apollon002
eca-rers2012/Problem01_label13.yml,true,26.02,26.02,apollon114
product-lines/elevator_spec3_product22.cil.yml,true,26.03,26.01,apollon004
heap-manipulation/tree-2.yml,false(valid-deref),26.08,26.07,apollon128
hardness-nfm22/hardness_loopvsstraightlinecode_25-1loop_file-59.yml,true,26.34,26.35,apollon089
hardness-nfm22/hardness_operatoramount_amount250_file-85.yml,true,26.46,26.46,apollon164
product-lines/elevator_spec14_product32.cil.yml,false(unreach-call),26.48,26.48,apollon072
product-lines/minepump_spec4_product46.cil.yml,false(unreach-call),26.67,26.68,apollon101
eca-rers2012/Problem01_label55.yml,true,26.69,26.71,apollon106
bitvector/soft_float_5.c.cil.yml,false(no-overflow),26.7,26.71,apollon152
product-lines/email_spec9_product28.cil.yml,true,26.71,13.38,apollon017
nla-digbench-scaling/dijkstra-u_valuebound50.yml,true,26.75,26.76,apollon021
hardness-nfm22/hardness_variablewrapping_wrapper-p_file-15.yml,true,26.9,26.89,apollon061
hardness-nfm22/hardness_fillercode_fillercodesize_ps-cn-25_file-51.yml,true,26.94,26.94,apollon075
product-lines/minepump_spec4_product42.cil.yml,false(unreach-call),27.09,27.08,apollon007
product-lines/minepump_spec4_product48.cil.yml,false(unreach-call),27.13,27.15,apollon123
list-simple/dll2n_append_unequal.yml,true,27.19,27.2,apollon103
eca-rers2012/Problem01_label03.yml,true,27.26,27.26,apollon041
nla-digbench-scaling/dijkstra-u_valuebound20.yml,true,27.27,27.27,apollon035
heap-manipulation/merge_sort-1.yml,false(valid-memcleanup),27.27,27.26,apollon099
array-industry-pattern/array_of_struct_ptr_monotonic.yml,true,27.28,27.27,apollon140
product-lines/minepump_spec4_product39.cil.yml,false(unreach-call),27.29,27.29,apollon099
hardness-nfm22/hardness_codestructure_steplocals_file-51.yml,true,27.29,27.29,apollon082
nla-digbench-scaling/hard-u_valuebound100.yml,true,27.37,27.37,apollon097
product-lines/minepump_spec2_product41.cil.yml,false(unreach-call),27.39,27.37,apollon058
nla-digbench-scaling/divbin_valuebound10.yml,true,27.41,27.41,apollon044
hardness-nfm22/hardness_operatoramount_amount500_file-49.yml,true,27.44,27.44,apollon122
array-industry-pattern/array_of_struct_ptr_cond_init.yml,true,27.54,27.53,apollon154
hardness-nfm22/hardness_fillercode_fillercodestructure_filler-pe-cn_file-3.yml,true,27.64,27.63,apollon151
product-lines/email_spec11_product07.cil.yml,true,27.81,13.92,apollon094
Juliet_Test/CWE190_Integer_Overflow__int_max_square_17_good.yml,true,27.83,27.82,apollon017
hardness-nfm22/hardness_loopvsstraightlinecode_100-while_file-0.yml,true,27.89,27.89,apollon161
combinations/gcd_4+newton_2_7.yml,false(unreach-call),27.89,27.88,apollon117
combinations/gcd_4+newton_2_8.yml,false(unreach-call),27.93,27.92,apollon125
nla-digbench-scaling/sqrt1-ll_valuebound50.yml,true,27.99,28.0,apollon153
Juliet_Test/CWE190_Integer_Overflow__int_fscanf_square_41_good.yml,true,28.04,28.04,apollon025
nla-digbench-scaling/bresenham-ll_valuebound2.yml,true,28.04,28.06,apollon130
hardness-nfm22/hardness_operatoramount_amount25_file-10.yml,true,28.06,28.07,apollon044
hardness-nfm22/hardness_variablewrapping_wrapper-sp_file-75.yml,true,28.07,28.08,apollon101
floats-cdfpl/newton_2_2.yml,true,28.1,28.1,apollon021
product-lines/email_spec8_product12.cil.yml,true,28.16,14.11,apollon103
product-lines/email_spec6_product16.cil.yml,true,28.21,14.11,apollon082
product-lines/minepump_spec4_product47.cil.yml,false(unreach-call),28.22,28.2,apollon059
array-tiling/pr4.yml,true,28.23,28.24,apollon034
eca-rers2012/Problem01_label36.yml,true,28.24,28.24,apollon011
termination-nla/hard2-both-nt.yml,false(no-overflow),28.27,28.26,apollon155
product-lines/email_spec11_product36.cil.yml,true,28.28,14.16,apollon093
list-simple/dll2n_insert_unequal.yml,true,28.33,28.34,apollon043
hardness-nfm22/hardness_codestructure_dependencies_file-51.yml,true,28.53,28.54,apollon096
combinations/gcd_1+newton_2_8.yml,false(unreach-call),28.54,28.53,apollon149
hardness-nfm22/hardness_operatoramount_amount50_file-73.yml,true,28.63,28.63,apollon041
array-tiling/nr2.yml,true,28.65,28.65,apollon167
Juliet_Test/CWE190_Integer_Overflow__int_max_square_12_good.yml,true,28.66,28.66,apollon138
eca-rers2012/Problem01_label44.yml,false(unreach-call),28.67,28.67,apollon080
product-lines/minepump_spec2_product42.cil.yml,false(unreach-call),28.69,28.68,apollon056
hardness-nfm22/hardness_codestructure_normal_file-51.yml,true,28.7,28.71,apollon021
combinations/square_7+soft_float_2a.c.cil.yml,true,28.72,28.72,apollon145
product-lines/email_spec8_product22.cil.yml,true,28.76,14.42,apollon162
eca-rers2012/Problem01_label45.yml,true,28.79,28.79,apollon013
eca-rers2012/Problem01_label05.yml,true,28.86,28.89,apollon088
nla-digbench-scaling/divbin_valuebound5.yml,true,28.87,28.87,apollon143
product-lines/email_spec7_product18.cil.yml,true,28.9,14.47,apollon008
eca-rers2012/Problem01_label00.yml,true,28.9,28.9,apollon086
eca-rers2012/Problem01_label57.yml,false(unreach-call),28.99,29.0,apollon051
product-lines/elevator_spec14_product31.cil.yml,true,29.0,28.99,apollon166
combinations/gcd_1+newton_2_7.yml,false(unreach-call),29.01,28.99,apollon007
eca-rers2012/Problem01_label33.yml,false(unreach-call),29.08,29.07,apollon015
termination-crafted-lit/PodelskiRybalchenko-LICS2004-Fig1.yml,true,29.1,29.1,apollon119
eca-rers2012/Problem10_label46.yml,false(unreach-call),29.11,29.1,apollon006
hardness-nfm22/hardness_fillercode_fillercodestructure_normal_file-51.yml,true,29.15,29.14,apollon100
array-industry-pattern/array_ptr_single_elem_init-1.yml,true,29.2,29.2,apollon151
product-lines/elevator_spec3_product32.cil.yml,false(unreach-call),29.24,29.22,apollon051
hardness-nfm22/hardness_loopvsstraightlinecode_25-1loop_file-10.yml,true,29.35,29.34,apollon152
hardness-nfm22/hardness_fillercode_fillercodesize_ps-cn-50_file-73.yml,true,29.36,29.35,apollon013
eca-rers2012/Problem01_label31.yml,true,29.42,29.41,apollon127
product-lines/email_spec11_product15.cil.yml,true,29.46,14.74,apollon056
product-lines/email_spec8_product16.cil.yml,true,29.5,14.75,apollon075
hardness-nfm22/hardness_fillercode_fillercodesize_ps-cn-500_file-2.yml,true,29.71,29.71,apollon108
hardness-nfm22/hardness_fillercode_fillercodesize_ps-cn-500_file-54.yml,true,29.71,29.71,apollon132
hardness-nfm22/hardness_loopvsstraightlinecode_50-while_file-51.yml,true,29.73,29.73,apollon130
Juliet_Test/CWE190_Integer_Overflow__int_rand_square_21_good.yml,true,29.75,29.74,apollon128
hardness-nfm22/hardness_fillercode_fillercodestructure_filler-pr-cn_file-51.yml,true,29.81,29.8,apollon060
product-lines/elevator_spec13_product21.cil.yml,false(termination),29.83,14.94,apollon082
eca-rers2012/Problem01_label12.yml,true,29.9,29.9,apollon142
product-lines/email_spec9_product31.cil.yml,true,29.96,15.01,apollon059
termination-crafted-lit/AliasDarteFeautrierGonnord-SAS2010-loops.yml,true,29.97,29.97,apollon137
eca-rers2012/Problem01_label26.yml,true,30.01,30.02,apollon092
product-lines/minepump_spec2_product44.cil.yml,false(unreach-call),30.05,30.04,apollon128
hardness-nfm22/hardness_operatoramount_amount100_file-4.yml,true,30.1,30.1,apollon091
eca-rers2012/Problem01_label04.yml,true,30.14,30.16,apollon135
hardness-nfm22/hardness_fillercode_fillercodesize_ps-cn-10_file-73.yml,true,30.15,30.15,apollon005
product-lines/elevator_spec13_product29.cil.yml,false(termination),30.18,15.13,apollon085
product-lines/email_spec27_product30.cil.yml,true,30.21,15.11,apollon111
product-lines/minepump_spec4_productSimulator.cil.yml,false(unreach-call),30.34,30.33,apollon121
hardness-nfm22/hardness_fillercode_fillercodestructure_filler-pe-ci_file-51.yml,true,30.42,30.42,apollon109
eca-rers2012/Problem01_label32.yml,false(unreach-call),30.43,30.41,apollon086
hardness-nfm22/hardness_loopvsstraightlinecode_25-while_file-10.yml,true,30.43,30.44,apollon002
combinations/gcd_3+newton_2_7.yml,false(unreach-call),30.47,30.46,apollon021
eca-rers2012/Problem01_label48.yml,true,30.53,30.52,apollon025
nla-digbench-scaling/cohendiv-ll_valuebound5.yml,true,30.56,30.57,apollon103
hardness-nfm22/hardness_loopvsstraightlinecode_100-while_file-49.yml,true,30.7,30.72,apollon060
eca-rers2012/Problem01_label28.yml,true,30.71,30.71,apollon120
nla-digbench-scaling/divbin_valuebound20.yml,true,30.76,30.76,apollon147
nla-digbench-scaling/hard-ll_valuebound5.yml,true,30.78,30.79,apollon099
eca-rers2012/Problem01_label47.yml,false(unreach-call),30.79,30.77,apollon093
termination-restricted-15/c.01-no-inv.yml,true,30.97,30.96,apollon085
eca-rers2012/Problem01_label40.yml,true,31.0,30.99,apollon092
product-lines/elevator_spec13_product23.cil.yml,false(termination),31.02,15.55,apollon097
hardness-nfm22/hardness_operatoramount_amount100_file-0.yml,true,31.04,31.05,apollon134
eca-rers2012/Problem01_label46.yml,true,31.04,31.05,apollon149
hardness-nfm22/hardness_variablewrapping_wrapper-p_file-83.yml,true,31.15,31.16,apollon160
combinations/square_8+soft_float_3a.c.cil.yml,true,31.21,31.21,apollon112
eca-rers2012/Problem01_label02.yml,true,31.23,31.23,apollon137
hardness-nfm22/hardness_codestructure_dependencies_file-73.yml,true,31.31,31.3,apollon108
hardness-nfm22/hardness_operatoramount_amount50_file-51.yml,true,31.34,31.34,apollon113
Juliet_Test/CWE190_Integer_Overflow__int_fscanf_square_21_good.yml,true,31.36,31.35,apollon117
floats-cdfpl/newton_2_8.yml,false(unreach-call),31.41,31.39,apollon103
hardness-nfm22/hardness_loopvsstraightlinecode_50-1loop_file-51.yml,true,31.43,31.42,apollon031
forester-heap/dll-rb-sentinel-1.yml,false(valid-memtrack),31.45,31.46,apollon157
hardness-nfm22/hardness_fillercode_fillercodestructure_filler-ps-co_file-73.yml,true,31.48,31.47,apollon064
product-lines/email_spec0_product36.cil.yml,true,31.48,15.78,apollon035
eca-rers2012/Problem01_label15.yml,false(unreach-call),31.48,31.46,apollon076
nla-digbench-scaling/ps6-ll_unwindbound1.yml,false(unreach-call),31.57,31.55,apollon086
product-lines/email_spec27_product31.cil.yml,true,31.58,15.81,apollon075
eca-rers2012/Problem01_label39.yml,true,31.65,31.66,apollon112
eca-rers2012/Problem01_label17.yml,true,31.72,31.72,apollon091
hardness-nfm22/hardness_fillercode_fillercodesize_normal_file-51.yml,true,31.77,31.78,apollon084
heap-manipulation/tree-4.yml,false(valid-memcleanup),31.88,31.87,apollon002
nla-digbench-scaling/divbin_valuebound50.yml,true,31.88,31.88,apollon077
hardness-nfm22/hardness_fillercode_fillercodesize_ps-cn-50_file-51.yml,true,32.0,31.99,apollon031
product-lines/email_spec0_product19.cil.yml,true,32.0,16.01,apollon040
product-lines/email_spec0_product37.cil.yml,true,32.07,16.06,apollon092
Juliet_Test/CWE190_Integer_Overflow__int_rand_square_11_good.yml,true,32.13,32.13,apollon109
hardness-nfm22/hardness_fillercode_fillercodestructure_filler-pr-co_file-51.yml,true,32.14,32.14,apollon137
hardness-nfm22/hardness_fillercode_fillercodesize_normal_file-73.yml,true,32.14,32.15,apollon122
hardware-verification-bv/btor2c-lazyMod.sw_loop_v.yml,false(unreach-call),32.17,32.16,apollon078
hardness-nfm22/hardness_operatoramount_amount100_file-34.yml,true,32.19,32.19,apollon001
hardness-nfm22/hardness_fillercode_fillercodesize_ps-cn-100_file-73.yml,true,32.26,32.26,apollon063
Juliet_Test/CWE190_Integer_Overflow__int_rand_square_31_good.yml,true,32.32,32.31,apollon048
hardness-nfm22/hardness_fillercode_fillercodestructure_filler-ps-cn_file-51.yml,true,32.36,32.36,apollon044
hardness-nfm22/hardness_fillercode_fillercodestructure_normal_file-73.yml,true,32.41,32.41,apollon071
eca-rers2012/Problem01_label38.yml,false(unreach-call),32.43,32.42,apollon144
combinations/gcd_1+newton_2_6.yml,false(unreach-call),32.45,32.45,apollon062
eca-rers2012/Problem01_label16.yml,true,32.45,32.46,apollon067
eca-rers2012/Problem01_label35.yml,false(unreach-call),32.52,32.51,apollon026
eca-rers2012/Problem01_label24.yml,true,32.53,32.53,apollon033
hardness-nfm22/hardness_fillercode_fillercodestructure_filler-ps-ci_file-73.yml,true,32.53,32.53,apollon037
hardness-nfm22/hardness_fillercode_fillercodesize_ps-cn-10_file-51.yml,true,32.65,32.66,apollon080
Juliet_Test/CWE190_Integer_Overflow__int_fscanf_square_12_good.yml,true,32.67,32.67,apollon134
hardness-nfm22/hardness_loopvsstraightlinecode_100-1loop_file-49.yml,true,32.74,32.73,apollon113
product-lines/email_spec7_product30.cil.yml,true,32.9,16.48,apollon132
hardness-nfm22/hardness_fillercode_fillercodestructure_filler-pe-co_file-73.yml,true,32.95,32.97,apollon130
eca-rers2012/Problem01_label34.yml,true,32.96,32.97,apollon116
eca-rers2012/Problem01_label07.yml,true,33.08,33.07,apollon022
termination-crafted/Singapore-2.yml,true,33.1,33.1,apollon164
product-lines/elevator_spec13_product31.cil.yml,false(termination),33.1,16.59,apollon005
hardness-nfm22/hardness_operatoramount_amount500_file-32.yml,true,33.11,33.11,apollon006
hardness-nfm22/hardness_loopvsstraightlinecode_100-while_file-79.yml,true,33.11,33.13,apollon099
product-lines/email_spec3_product13.cil.yml,true,33.14,16.58,apollon117
eca-rers2012/Problem01_label52.yml,true,33.2,33.2,apollon039
Juliet_Test/CWE190_Integer_Overflow__int_rand_square_05_good.yml,true,33.21,33.2,apollon093
eca-rers2012/Problem01_label27.yml,true,33.28,33.28,apollon046
array-cav19/array_init_nondet_vars.yml,true,33.28,33.28,apollon024
hardness-nfm22/hardness_codestructure_steplocals_file-44.yml,true,33.34,33.34,apollon153
hardness-nfm22/hardness_fillercode_fillercodestructure_filler-ps-ci_file-51.yml,true,33.39,33.39,apollon123
eca-rers2012/Problem01_label29.yml,true,33.41,33.41,apollon083
xcsp/aim-200-3-4-sat-3.yml,false(unreach-call),33.42,33.41,apollon085
eca-rers2012/Problem01_label51.yml,true,33.44,33.44,apollon064
Juliet_Test/CWE190_Integer_Overflow__int_rand_square_22_good.yml,true,33.45,33.46,apollon107
Juliet_Test/CWE190_Integer_Overflow__int_rand_square_04_good.yml,true,33.57,33.58,apollon106
eca-rers2012/Problem01_label50.yml,false(unreach-call),33.58,33.56,apollon135
eca-rers2012/Problem01_label10.yml,true,33.62,33.64,apollon036
eca-rers2012/Problem01_label42.yml,true,33.64,33.65,apollon112
product-lines/email_spec0_product16.cil.yml,true,33.66,16.88,apollon058
eca-rers2012/Problem01_label14.yml,true,33.73,33.72,apollon089
product-lines/email_spec6_product15.cil.yml,true,33.86,16.93,apollon044
hardness-nfm22/hardness_loopvsstraightlinecode_100-while_file-34.yml,true,33.93,33.93,apollon140
hardness-nfm22/hardness_loopvsstraightlinecode_100-1loop_file-8.yml,true,34.0,33.99,apollon025
hardware-verification-bv/btor2c-lazyMod.pipeline.yml,true,34.06,34.06,apollon045
hardness-nfm22/hardness_fillercode_fillercodesize_ps-cn-25_file-73.yml,true,34.07,34.06,apollon025
product-lines/email_spec4_product28.cil.yml,true,34.09,17.07,apollon089
eca-rers2012/Problem01_label43.yml,true,34.11,34.12,apollon153
eca-rers2012/Problem01_label19.yml,true,34.18,34.17,apollon154
product-lines/email_spec7_product24.cil.yml,true,34.2,17.1,apollon107
nla-digbench-scaling/prod4br-ll_valuebound2.yml,true,34.26,34.26,apollon133
product-lines/minepump_spec2_product43.cil.yml,false(unreach-call),34.42,34.4,apollon021
hardness-nfm22/hardness_fillercode_fillercodestructure_filler-pe-cn_file-51.yml,true,34.44,34.45,apollon078
product-lines/email_spec11_product18.cil.yml,true,34.44,17.22,apollon153
product-lines/email_spec8_product15.cil.yml,true,34.55,17.29,apollon012
eca-rers2012/Problem01_label30.yml,true,34.57,34.56,apollon122
eca-rers2012/Problem01_label01.yml,true,34.59,34.59,apollon100
combinations/gcd_4+newton_2_1.yml,true,34.64,34.63,apollon158
product-lines/email_spec9_product16.cil.yml,true,34.64,17.33,apollon144
eca-rers2012/Problem01_label06.yml,true,34.68,34.68,apollon040
product-lines/elevator_spec2_product09.cil.yml,true,34.69,17.35,apollon117
hardness-nfm22/hardness_fillercode_fillercodestructure_filler-ps-co_file-51.yml,true,34.73,34.73,apollon147
hardness-nfm22/hardness_fillercode_fillercodestructure_filler-pr-co_file-73.yml,true,34.78,34.78,apollon097
product-lines/email_spec1_product12.cil.yml,true,34.91,17.48,apollon137
eca-rers2012/Problem01_label08.yml,true,34.92,34.92,apollon063
combinations/gcd_3+newton_2_2.yml,true,34.94,34.93,apollon128
hardness-nfm22/hardness_variablewrapping_wrapper-sp_file-83.yml,true,34.96,34.95,apollon133
eca-rers2012/Problem01_label54.yml,true,35.07,35.09,apollon078
eca-rers2012/Problem01_label18.yml,true,35.09,35.08,apollon131
eca-rers2012/Problem01_label23.yml,true,35.14,35.13,apollon102
combinations/gcd_1+newton_2_2.yml,true,35.19,35.19,apollon096
hardware-verification-bv/btor2c-lazyMod.sw_loop.yml,true,35.19,35.18,apollon008
eca-rers2012/Problem01_label49.yml,true,35.31,35.32,apollon141
product-lines/email_spec3_product18.cil.yml,true,35.35,17.68,apollon149
floats-cbmc-regression/float4.yml,true,35.61,35.61,apollon010
array-examples/standard_minInArray_ground-2.yml,true,35.65,35.66,apollon128
product-lines/email_spec3_product24.cil.yml,true,35.66,17.83,apollon017
product-lines/email_spec27_product28.cil.yml,true,35.76,17.91,apollon106
hardness-nfm22/hardness_fillercode_fillercodestructure_filler-pr-ci_file-51.yml,true,35.76,35.76,apollon117
hardness-nfm22/hardness_operatoramount_amount100_file-49.yml,true,35.95,35.97,apollon106
product-lines/email_spec11_product22.cil.yml,true,35.98,18.0,apollon074
hardness-nfm22/hardness_codestructure_steplocals_file-73.yml,true,35.98,35.97,apollon043
eca-rers2012/Problem01_label41.yml,true,36.02,36.01,apollon166
nla-digbench-scaling/geo3-ll_unwindbound1.yml,false(no-overflow),36.22,36.21,apollon102
hardness-nfm22/hardness_fillercode_fillercodestructure_filler-pe-ci_file-73.yml,true,36.22,36.21,apollon146
array-tiling/nr3.yml,true,36.22,36.23,apollon064
eca-rers2012/Problem01_label59.yml,true,36.27,36.27,apollon035
eca-rers2012/Problem01_label37.yml,false(unreach-call),36.36,36.35,apollon112
nla-digbench-scaling/cohendiv-ll_unwindbound2.yml,true,36.37,36.37,apollon073
hardness-nfm22/hardness_loopvsstraightlinecode_50-while_file-73.yml,true,36.42,36.42,apollon118
eca-rers2012/Problem01_label25.yml,true,36.51,36.53,apollon134
eca-rers2012/Problem01_label22.yml,true,36.51,36.5,apollon073
hardness-nfm22/hardness_operatoramount_amount250_file-74.yml,true,36.57,36.58,apollon033
Juliet_Test/CWE190_Integer_Overflow__int_rand_square_14_good.yml,true,36.57,36.57,apollon042
eca-rers2012/Problem01_label11.yml,true,36.61,36.61,apollon012
hardness-nfm22/hardness_fillercode_fillercodestructure_filler-pe-cn_file-73.yml,true,36.77,36.76,apollon115
product-lines/elevator_spec1_product09.cil.yml,true,36.77,18.38,apollon038
hardness-nfm22/hardness_codestructure_normal_file-73.yml,true,36.78,36.78,apollon149
hardness-nfm22/hardness_operatoramount_amount500_file-53.yml,true,36.8,36.8,apollon089
eca-rers2012/Problem01_label20.yml,false(unreach-call),36.81,36.79,apollon067
eca-rers2012/Problem01_label09.yml,true,36.84,36.83,apollon021
combinations/square_7+soft_float_3a.c.cil.yml,true,36.85,36.84,apollon077
product-lines/email_spec27_product18.cil.yml,true,36.91,18.47,apollon078
Juliet_Test/CWE190_Integer_Overflow__int_rand_square_09_good.yml,true,36.93,36.93,apollon023
product-lines/email_spec4_product33.cil.yml,true,37.02,18.52,apollon168
nla-digbench-scaling/hard-u_unwindbound2.yml,false(unreach-call),37.04,37.05,apollon126
product-lines/email_spec27_product24.cil.yml,true,37.05,18.54,apollon152
combinations/gcd_3+newton_2_1.yml,true,37.14,37.14,apollon044
product-lines/elevator_spec2_product17.cil.yml,true,37.16,18.58,apollon070
combinations/gcd_2+newton_2_6.yml,false(unreach-call),37.3,37.28,apollon110
ldv-regression/stateful_check.yml,false(unreach-call),37.37,37.36,apollon083
product-lines/email_spec6_product22.cil.yml,true,37.38,18.7,apollon144
product-lines/elevator_spec9_product25.cil.yml,true,37.55,18.78,apollon154
xcsp/aim-200-6-0-sat-3.yml,false(unreach-call),37.6,37.59,apollon156
product-lines/email_spec27_product13.cil.yml,true,37.62,18.82,apollon031
product-lines/email_spec7_product13.cil.yml,true,37.63,18.81,apollon095
Juliet_Test/CWE190_Integer_Overflow__int_rand_square_13_good.yml,true,37.64,37.63,apollon093
hardness-nfm22/hardness_fillercode_fillercodestructure_filler-pe-co_file-51.yml,true,37.66,37.66,apollon145
eca-rers2012/Problem01_label56.yml,false(unreach-call),37.66,37.66,apollon078
nla-digbench-scaling/egcd2-ll_unwindbound1.yml,true,37.82,37.82,apollon077
hardness-nfm22/hardness_operatoramount_amount100_file-79.yml,true,37.96,37.95,apollon146
Juliet_Test/CWE190_Integer_Overflow__int_fscanf_square_22_good.yml,true,37.96,37.96,apollon081
eca-rers2012/Problem01_label21.yml,false(unreach-call),38.06,38.04,apollon040
product-lines/elevator_spec2_product03.cil.yml,true,38.16,19.09,apollon004
nla-digbench-scaling/hard-ll_valuebound10.yml,true,38.2,38.2,apollon034
hardness-nfm22/hardness_operatoramount_amount500_file-7.yml,true,38.27,38.26,apollon134
nla-digbench-scaling/prodbin-ll_valuebound20.yml,true,38.38,38.38,apollon105
list-ext3-properties/sll_nondet_insert-1.yml,false(unreach-call),38.4,38.38,apollon021
hardness-nfm22/hardness_fillercode_fillercodesize_ps-cn-250_file-8.yml,true,38.45,38.46,apollon108
product-lines/elevator_spec9_product09.cil.yml,true,38.55,19.27,apollon068
hardness-nfm22/hardness_loopvsstraightlinecode_100-1loop_file-79.yml,true,38.62,38.63,apollon091
product-lines/email_spec11_product24.cil.yml,true,38.77,19.39,apollon005
hardness-nfm22/hardness_operatoramount_amount250_file-53.yml,true,38.81,38.82,apollon002
eca-rers2012/Problem01_label53.yml,true,38.92,38.92,apollon159
hardness-nfm22/hardness_fillercode_fillercodestructure_filler-ps-cn_file-73.yml,true,38.95,38.96,apollon100
product-lines/elevator_spec9_product27.cil.yml,true,39.04,19.53,apollon057
nla-digbench-scaling/egcd2-ll_valuebound1.yml,true,39.2,39.22,apollon134
product-lines/email_spec6_product31.cil.yml,true,39.33,19.68,apollon162
product-lines/email_spec3_product19.cil.yml,true,39.37,19.69,apollon040
floats-cdfpl/newton_2_4.yml,true,39.4,39.4,apollon167
product-lines/email_spec9_product22.cil.yml,true,39.46,19.72,apollon061
hardness-nfm22/hardness_operatoramount_amount250_file-97.yml,true,39.59,39.59,apollon022
combinations/gcd_1+newton_2_4.yml,true,39.62,39.63,apollon080
array-examples/standard_copy1_ground-1.yml,true,39.7,39.69,apollon103
hardness-nfm22/hardness_variablewrapping_wrapper-sp_file-15.yml,true,40.06,40.05,apollon093
hardness-nfm22/hardness_operatoramount_amount250_file-24.yml,true,40.14,40.14,apollon106
nla-digbench-scaling/cohencu-ll_valuebound1.yml,true,40.15,40.15,apollon113
Juliet_Test/CWE190_Integer_Overflow__int_rand_square_15_good.yml,true,40.17,40.18,apollon164
hardness-nfm22/hardness_variablewrapping_wrapper-a_file-83.yml,true,40.19,40.2,apollon048
nla-digbench-scaling/mannadiv_unwindbound20.yml,false(unreach-call),40.26,40.26,apollon124
Juliet_Test/CWE190_Integer_Overflow__int_fscanf_square_10_good.yml,true,40.28,40.28,apollon035
product-lines/email_spec1_product31.cil.yml,true,40.28,20.13,apollon077
product-lines/email_spec6_product28.cil.yml,true,40.35,20.17,apollon031
product-lines/elevator_spec2_product11.cil.yml,true,40.41,20.22,apollon136
product-lines/email_spec7_product31.cil.yml,true,40.42,20.23,apollon151
product-lines/email_spec1_product16.cil.yml,true,40.52,20.25,apollon026
product-lines/elevator_spec14_product03.cil.yml,true,40.55,20.31,apollon008
product-lines/email_spec0_product24.cil.yml,true,40.68,20.33,apollon132
hardness-nfm22/hardness_fillercode_fillercodesize_ps-cn-500_file-51.yml,true,40.73,40.72,apollon138
Juliet_Test/CWE190_Integer_Overflow__int_rand_square_07_good.yml,true,40.83,40.83,apollon104
product-lines/elevator_spec9_product11.cil.yml,true,40.9,20.44,apollon040
product-lines/email_spec11_product37.cil.yml,true,40.93,20.44,apollon151
nla-digbench-scaling/egcd3-ll_unwindbound2.yml,true,40.98,41.01,apollon053
hardness-nfm22/hardness_codestructure_steplocals_file-54.yml,true,41.01,41.0,apollon022
Juliet_Test/CWE190_Integer_Overflow__int_fscanf_square_07_good.yml,true,41.11,41.1,apollon029
product-lines/email_spec6_product30.cil.yml,true,41.16,20.58,apollon039
product-lines/elevator_spec1_product01.cil.yml,true,41.37,20.69,apollon073
product-lines/email_spec0_product22.cil.yml,true,41.46,20.73,apollon147
nla-digbench-scaling/egcd-ll_unwindbound1.yml,false(unreach-call),41.46,41.45,apollon075
product-lines/email_spec4_product31.cil.yml,true,41.76,20.89,apollon095
product-lines/elevator_spec2_product01.cil.yml,true,41.76,20.89,apollon074
hardness-nfm22/hardness_fillercode_fillercodestructure_filler-pr-ci_file-73.yml,true,41.9,41.89,apollon148
combinations/gcd_3+newton_2_3.yml,true,41.91,41.9,apollon065
hardness-nfm22/hardness_fillercode_fillercodesize_ps-cn-250_file-51.yml,true,42.06,42.05,apollon029
nla-digbench-scaling/divbin_valuebound100.yml,true,42.16,42.16,apollon097
product-lines/email_spec1_product15.cil.yml,true,42.21,21.08,apollon118
hardness-nfm22/hardness_loopvsstraightlinecode_100-while_file-8.yml,true,42.21,42.21,apollon153
product-lines/email_spec8_product33.cil.yml,true,42.27,21.17,apollon059
product-lines/elevator_spec2_product19.cil.yml,true,42.48,21.25,apollon005
hardness-nfm22/hardness_operatoramount_amount250_file-20.yml,true,42.57,42.57,apollon094
array-tiling/nr4.yml,true,42.6,42.6,apollon051
combinations/square_5+soft_float_2a.c.cil.yml,true,42.74,42.76,apollon080
floats-cdfpl/newton_2_3.yml,true,42.75,42.76,apollon039
array-tiling/nr5.yml,true,42.75,42.74,apollon010
product-lines/email_spec1_product33.cil.yml,true,42.8,21.39,apollon111
product-lines/email_spec7_product28.cil.yml,true,42.83,21.41,apollon166
array-industry-pattern/array_ptr_partial_init.yml,true,42.89,42.89,apollon110
Juliet_Test/CWE190_Integer_Overflow__int_fscanf_square_04_good.yml,true,42.91,42.93,apollon060
product-lines/email_spec11_product33.cil.yml,true,42.97,21.47,apollon132
hardness-nfm22/hardness_fillercode_fillercodesize_ps-cn-500_file-57.yml,true,42.99,43.0,apollon105
hardness-nfm22/hardness_fillercode_fillercodestructure_filler-pr-cn_file-73.yml,true,43.08,43.08,apollon002
product-lines/elevator_spec1_product17.cil.yml,true,43.22,21.61,apollon076
product-lines/email_spec4_product13.cil.yml,true,43.33,21.68,apollon163
hardness-nfm22/hardness_operatoramount_amount500_file-88.yml,true,43.55,43.55,apollon074
product-lines/elevator_spec14_product11.cil.yml,true,43.71,21.89,apollon154
product-lines/email_spec1_product28.cil.yml,true,43.77,21.86,apollon057
hardness-nfm22/hardness_loopvsstraightlinecode_100-1loop_file-25.yml,true,43.93,43.93,apollon163
hardness-nfm22/hardness_codestructure_steplocals_file-2.yml,true,44.05,44.05,apollon052
product-lines/elevator_spec2_product25.cil.yml,true,44.05,22.03,apollon069
product-lines/elevator_spec1_product03.cil.yml,true,44.07,22.04,apollon106
Juliet_Test/CWE190_Integer_Overflow__int_rand_square_06_good.yml,true,44.27,44.29,apollon073
combinations/gcd_2+newton_2_1.yml,true,44.29,44.29,apollon139
product-lines/email_spec9_product30.cil.yml,true,44.36,22.15,apollon001
hardness-nfm22/hardness_loopvsstraightlinecode_100-while_file-12.yml,true,44.5,44.51,apollon098
array-examples/standard_maxInArray_ground.yml,true,44.5,44.51,apollon114
product-lines/elevator_spec1_product11.cil.yml,true,44.64,22.33,apollon145
product-lines/elevator_spec1_product25.cil.yml,true,44.67,22.35,apollon130
product-lines/email_spec4_product24.cil.yml,true,44.68,22.32,apollon073
Juliet_Test/CWE190_Integer_Overflow__int_fscanf_square_08_good.yml,true,44.71,44.71,apollon029
product-lines/elevator_spec2_product27.cil.yml,true,45.11,22.55,apollon083
Juliet_Test/CWE190_Integer_Overflow__int_fscanf_square_11_good.yml,true,45.19,45.18,apollon075
combinations/gcd_2+newton_2_2.yml,true,45.21,45.2,apollon063
hardness-nfm22/hardness_operatoramount_amount100_file-12.yml,true,45.21,45.2,apollon056
product-lines/email_spec27_product19.cil.yml,true,45.32,22.65,apollon013
product-lines/email_spec11_product08.cil.yml,true,45.37,22.66,apollon127
hardness-nfm22/hardness_loopvsstraightlinecode_100-1loop_file-91.yml,true,45.45,45.45,apollon054
nla-digbench-scaling/ps2-ll_unwindbound5.yml,true,45.51,45.5,apollon079
Juliet_Test/CWE190_Integer_Overflow__int_rand_square_03_good.yml,true,45.63,45.64,apollon078
combinations/gcd_2+newton_3_8.yml,false(unreach-call),45.67,45.67,apollon069
hardness-nfm22/hardness_operatoramount_amount500_file-12.yml,true,45.85,45.84,apollon010
Juliet_Test/CWE190_Integer_Overflow__int_fscanf_square_02_good.yml,true,45.92,45.91,apollon064
combinations/gcd_1+newton_2_3.yml,true,45.95,45.94,apollon112
Juliet_Test/CWE190_Integer_Overflow__int_fscanf_square_09_good.yml,true,45.99,46.0,apollon012
product-lines/email_spec6_product33.cil.yml,true,46.46,23.25,apollon023
product-lines/email_spec4_product17.cil.yml,true,46.55,23.28,apollon117
product-lines/email_spec0_product11.cil.yml,true,46.56,23.26,apollon168
termination-crafted/NonTermination3-1.yml,false(termination),46.6,46.41,apollon109
hardness-nfm22/hardness_fillercode_fillercodesize_ps-cn-500_file-8.yml,true,46.64,46.63,apollon086
product-lines/email_spec3_product33.cil.yml,true,46.84,23.41,apollon015
Juliet_Test/CWE190_Integer_Overflow__int_fscanf_square_13_good.yml,true,46.89,46.89,apollon026
product-lines/email_spec9_product12.cil.yml,true,47.06,23.51,apollon072
product-lines/elevator_spec9_product31.cil.yml,true,47.25,23.63,apollon099
product-lines/elevator_spec1_product21.cil.yml,true,47.34,23.67,apollon072
nla-digbench-scaling/dijkstra-u_valuebound100.yml,true,47.44,47.44,apollon021
array-examples/standard_init3_ground-2.yml,true,47.46,47.46,apollon164
hardness-nfm22/hardness_codestructure_normal_file-2.yml,true,47.49,47.49,apollon052
product-lines/elevator_spec1_product27.cil.yml,true,47.57,23.79,apollon083
product-lines/elevator_spec2_product23.cil.yml,true,47.57,23.77,apollon117
floats-cdfpl/newton_2_5.yml,true,47.84,47.84,apollon060
seq-mthreaded/pals_floodmax.4.2.ufo.BOUNDED-8.pals.yml,true,47.84,23.93,apollon109
combinations/square_6+soft_float_3a.c.cil.yml,true,47.99,47.99,apollon160
product-lines/email_spec7_product17.cil.yml,true,48.02,24.0,apollon022
floats-cdfpl/newton_2_1.yml,true,48.03,48.05,apollon148
product-lines/email_spec0_product33.cil.yml,true,48.06,23.99,apollon120
Juliet_Test/CWE190_Integer_Overflow__int_rand_square_10_good.yml,true,48.13,48.13,apollon131
nla-digbench-scaling/sqrt1-ll_valuebound100.yml,true,48.19,48.19,apollon024
product-lines/elevator_spec3_product09.cil.yml,true,48.47,24.28,apollon106
hardness-nfm22/hardness_operatoramount_amount100_file-8.yml,true,48.49,48.49,apollon023
combinations/gcd_1+newton_2_1.yml,true,48.5,48.49,apollon024
product-lines/email_spec4_product19.cil.yml,true,48.62,24.28,apollon038
product-lines/elevator_spec3_product01.cil.yml,true,48.67,24.38,apollon022
Juliet_Test/CWE190_Integer_Overflow__int_rand_square_02_good.yml,true,48.74,48.73,apollon108
seq-mthreaded/pals_floodmax.4.4.ufo.BOUNDED-8.pals.yml,true,48.83,24.4,apollon052
hardness-nfm22/hardness_fillercode_fillercodesize_ps-cn-500_file-73.yml,true,49.03,49.03,apollon017
hardness-nfm22/hardness_operatoramount_amount250_file-25.yml,true,49.11,49.13,apollon126
Juliet_Test/CWE190_Integer_Overflow__int_fscanf_square_15_good.yml,true,49.24,49.23,apollon032
product-lines/elevator_spec14_product27.cil.yml,true,49.33,24.71,apollon050
hardness-nfm22/hardness_codestructure_steplocals_file-25.yml,true,49.58,49.58,apollon030
product-lines/email_spec0_product25.cil.yml,true,49.69,24.81,apollon107
product-lines/elevator_spec14_product19.cil.yml,true,49.82,24.93,apollon088
nla-digbench-scaling/hard-ll_valuebound20.yml,true,50.01,50.01,apollon160
hardness-nfm22/hardness_codestructure_normal_file-25.yml,true,50.07,50.07,apollon115
product-lines/email_spec1_product29.cil.yml,true,50.08,25.01,apollon158
hardware-verification-bv/btor2c-lazyMod.seq.yml,true,50.1,50.09,apollon168
product-lines/elevator_spec2_product31.cil.yml,true,50.13,25.08,apollon035
array-examples/sanfoundry_27_ground.yml,true,50.25,50.27,apollon004
product-lines/email_spec8_product29.cil.yml,true,50.27,25.11,apollon045
product-lines/email_spec3_product31.cil.yml,true,50.29,25.14,apollon032
product-lines/elevator_spec3_product25.cil.yml,true,50.3,25.18,apollon137
product-lines/elevator_spec2_product21.cil.yml,true,50.6,25.28,apollon154
list-ext3-properties/sll_nondet_insert-1.yml,false(valid-memcleanup),50.7,50.71,apollon153
Juliet_Test/CWE190_Integer_Overflow__int_fscanf_square_03_good.yml,true,51.1,51.11,apollon048
hardness-nfm22/hardness_loopvsstraightlinecode_100-while_file-25.yml,true,51.35,51.37,apollon046
array-examples/sorting_bubblesort_ground-1.yml,true,51.5,51.5,apollon006
product-lines/email_spec8_product30.cil.yml,true,51.57,25.77,apollon162
product-lines/email_spec9_product15.cil.yml,true,51.66,25.8,apollon080
nla-digbench-scaling/egcd3-ll_unwindbound1.yml,false(unreach-call),51.7,51.68,apollon146
product-lines/email_spec7_product33.cil.yml,true,51.71,25.84,apollon073
product-lines/elevator_spec14_product23.cil.yml,true,51.74,25.91,apollon026
hardness-nfm22/hardness_loopvsstraightlinecode_100-while_file-91.yml,true,51.83,51.84,apollon112
Juliet_Test/CWE190_Integer_Overflow__int_rand_square_08_good.yml,true,51.88,51.87,apollon150
nla-digbench-scaling/ps2-ll_unwindbound10.yml,true,52.15,52.15,apollon135
hardness-nfm22/hardness_fillercode_fillercodesize_ps-cn-100_file-51.yml,true,52.38,52.37,apollon093
product-lines/elevator_spec9_product29.cil.yml,true,52.63,26.33,apollon113
hardness-nfm22/hardness_operatoramount_amount500_file-9.yml,true,52.71,52.71,apollon041
Juliet_Test/CWE190_Integer_Overflow__int_fscanf_square_06_good.yml,true,52.91,52.9,apollon141
product-lines/email_spec11_product20.cil.yml,true,52.94,26.44,apollon062
product-lines/email_spec11_product30.cil.yml,true,53.0,26.47,apollon152
Juliet_Test/CWE190_Integer_Overflow__int_fscanf_square_05_good.yml,true,53.34,53.35,apollon017
product-lines/email_spec3_product17.cil.yml,true,53.43,26.69,apollon041
product-lines/email_spec6_product12.cil.yml,true,53.54,26.73,apollon084
product-lines/email_spec9_product33.cil.yml,true,53.57,26.77,apollon073
product-lines/elevator_spec3_product17.cil.yml,true,53.84,26.97,apollon102
Juliet_Test/CWE190_Integer_Overflow__int_rand_square_12_good.yml,true,53.88,53.89,apollon112
list-simple/sll2n_update_all.yml,true,53.93,53.94,apollon164
array-examples/sorting_bubblesort_2_ground.yml,true,53.97,53.98,apollon102
product-lines/elevator_spec1_product19.cil.yml,true,54.0,26.99,apollon090
bitvector/byte_add_1-1.yml,true,54.22,54.25,apollon048
list-simple/sll2n_update_all_reverse.yml,true,54.41,54.4,apollon151
hardness-nfm22/hardness_operatoramount_amount100_file-91.yml,true,54.48,54.48,apollon131
product-lines/email_spec1_product14.cil.yml,true,54.57,27.26,apollon071
hardness-nfm22/hardness_variablewrapping_wrapper-p_file-45.yml,true,54.77,54.77,apollon016
product-lines/email_spec4_product29.cil.yml,true,54.96,27.46,apollon067
hardness-nfm22/hardness_loopvsstraightlinecode_100-while_file-81.yml,true,55.0,55.02,apollon099
nla-digbench-scaling/mannadiv_unwindbound20.yml,true,55.09,55.09,apollon120
combinations/gcd_1+newton_3_8.yml,false(unreach-call),55.18,55.16,apollon022
hardness-nfm22/hardness_loopvsstraightlinecode_100-1loop_file-2.yml,true,55.35,55.35,apollon148
hardness-nfm22/hardness_variablewrapping_wrapper-sp_file-45.yml,true,55.39,55.39,apollon044
product-lines/email_spec4_product18.cil.yml,true,55.49,27.72,apollon074
Juliet_Test/CWE190_Integer_Overflow__int_fscanf_square_14_good.yml,true,55.49,55.5,apollon126
product-lines/email_spec8_product31.cil.yml,true,55.65,27.78,apollon121
product-lines/email_spec1_product21.cil.yml,true,55.67,27.79,apollon138
product-lines/email_spec3_product30.cil.yml,true,55.69,27.86,apollon118
product-lines/email_spec4_product30.cil.yml,true,55.8,27.84,apollon032
combinations/gcd_1+newton_2_5.yml,true,55.97,55.96,apollon076
combinations/gcd_4+newton_2_3.yml,true,56.12,56.11,apollon076
hardness-nfm22/hardness_operatoramount_amount100_file-25.yml,true,56.24,56.25,apollon107
seq-mthreaded/pals_opt-floodmax.4.3.ufo.BOUNDED-8.pals.yml,true,56.26,28.11,apollon019
product-lines/email_spec9_product29.cil.yml,true,56.57,28.25,apollon027
hardness-nfm22/hardness_codestructure_normal_file-54.yml,true,56.76,56.79,apollon010
product-lines/elevator_spec14_product31.cil.yml,true,57.02,28.57,apollon101
product-lines/elevator_spec1_product23.cil.yml,true,57.11,28.56,apollon116
product-lines/email_spec11_product39.cil.yml,true,57.16,28.54,apollon069
product-lines/email_spec11_product32.cil.yml,true,57.37,28.66,apollon079
floats-cdfpl/newton_2_6.yml,false(unreach-call),57.42,57.41,apollon168
combinations/gcd_4+newton_2_4.yml,true,57.52,57.52,apollon144
hardness-nfm22/hardness_loopvsstraightlinecode_100-while_file-2.yml,true,58.24,58.26,apollon096
product-lines/elevator_spec13_product22.cil.yml,false(termination),58.5,29.27,apollon155
product-lines/email_spec0_product31.cil.yml,true,58.5,29.21,apollon153
hardness-nfm22/hardness_operatoramount_amount250_file-58.yml,true,58.72,58.72,apollon166
product-lines/email_spec8_product20.cil.yml,true,58.83,29.42,apollon037
hardness-nfm22/hardness_operatoramount_amount100_file-81.yml,true,58.88,58.88,apollon047
product-lines/elevator_spec1_product31.cil.yml,true,58.9,29.44,apollon050
combinations/gcd_2+newton_2_4.yml,true,58.91,58.9,apollon019
bitvector/byte_add_2-1.yml,false(no-overflow),58.96,58.96,apollon051
product-lines/elevator_spec3_product29.cil.yml,true,58.97,29.52,apollon082
hardness-nfm22/hardness_operatoramount_amount500_file-85.yml,true,59.02,59.01,apollon017
combinations/gcd_1+newton_3_6.yml,false(unreach-call),59.5,59.51,apollon047
combinations/gcd_3+newton_3_8.yml,false(unreach-call),59.63,59.62,apollon026
product-lines/email_spec27_product33.cil.yml,true,59.63,29.75,apollon070
nla-digbench-scaling/egcd3-ll_unwindbound2.yml,false(unreach-call),59.64,59.66,apollon026
array-tiling/mbpr2.yml,true,59.65,59.65,apollon139
hardness-nfm22/hardness_variablewrapping_wrapper-sp_file-77.yml,true,59.72,59.72,apollon146
array-industry-pattern/array_assert_loop_dep.yml,true,59.82,59.82,apollon075
hardness-nfm22/hardness_operatoramount_amount100_file-2.yml,true,60.06,60.05,apollon104
product-lines/elevator_spec13_product24.cil.yml,false(termination),60.09,30.04,apollon075
product-lines/elevator_spec2_product29.cil.yml,true,60.25,30.12,apollon073
product-lines/email_spec8_product32.cil.yml,true,60.58,30.26,apollon025
array-industry-pattern/array_of_struct_break.yml,true,60.68,60.67,apollon134
bitvector/byte_add_2-2.yml,true,60.76,60.77,apollon061
combinations/gcd_3+newton_2_5.yml,true,61.07,61.07,apollon106
combinations/gcd_4+newton_2_2.yml,true,61.08,61.08,apollon164
product-lines/elevator_spec1_product29.cil.yml,true,61.16,30.58,apollon041
bitvector/byte_add_1-2.yml,false(no-overflow),61.37,61.36,apollon015
nla-digbench-scaling/cohencu-ll_valuebound2.yml,true,61.42,61.42,apollon065
product-lines/email_spec27_product17.cil.yml,true,61.87,30.88,apollon120
floats-cdfpl/newton_3_7.yml,false(unreach-call),61.89,61.88,apollon033
product-lines/email_spec3_product28.cil.yml,true,61.98,30.95,apollon043
combinations/gcd_2+newton_3_7.yml,false(unreach-call),62.03,62.02,apollon086
hardware-verification-bv/btor2c-lazyMod.eq_sdp_v4.yml,true,62.28,62.28,apollon020
product-lines/email_spec11_product40.cil.yml,true,62.38,31.15,apollon034
list-simple/dll2n_update_all.yml,true,62.46,62.45,apollon063
nla-digbench-scaling/ps5-ll_unwindbound1.yml,true,62.73,62.72,apollon072
product-lines/email_spec7_product29.cil.yml,true,62.81,31.37,apollon019
hardness-nfm22/hardness_fillercode_fillercodesize_ps-cn-250_file-33.yml,true,62.98,63.0,apollon004
product-lines/elevator_spec13_product32.cil.yml,false(termination),63.0,31.5,apollon051
hardness-nfm22/hardness_loopvsstraightlinecode_100-1loop_file-12.yml,true,63.41,63.4,apollon102
hardness-nfm22/hardness_fillercode_fillercodesize_ps-cn-250_file-73.yml,true,63.65,63.65,apollon017
product-lines/email_spec1_product32.cil.yml,true,63.67,31.77,apollon127
product-lines/elevator_spec13_product30.cil.yml,false(termination),63.73,31.88,apollon078
product-lines/email_spec3_product29.cil.yml,true,63.83,31.88,apollon074
nla-digbench-scaling/bresenham-ll_valuebound5.yml,true,63.96,63.96,apollon013
combinations/gcd_2+newton_2_3.yml,true,64.05,64.05,apollon053
product-lines/email_spec9_product14.cil.yml,true,64.3,32.1,apollon014
product-lines/email_spec11_product23.cil.yml,true,64.33,32.13,apollon105
hardness-nfm22/hardness_operatoramount_amount500_file-30.yml,true,64.44,64.45,apollon029
product-lines/email_spec4_product35.cil.yml,true,64.49,32.21,apollon004
product-lines/email_spec8_product26.cil.yml,true,64.91,32.41,apollon021
product-lines/email_spec6_product14.cil.yml,true,65.02,32.48,apollon109
product-lines/email_spec4_product23.cil.yml,true,65.04,32.49,apollon124
hardness-nfm22/hardness_variablewrapping_wrapper-a_file-46.yml,true,65.11,65.11,apollon029
hardware-verification-bv/btor2c-lazyMod.eq_sdp_v5.yml,false(unreach-call),65.43,65.41,apollon103
hardness-nfm22/hardness_operatoramount_amount250_file-65.yml,true,65.44,65.44,apollon023
product-lines/email_spec0_product40.cil.yml,true,65.56,32.73,apollon062
eca-rers2012/Problem10_label32.yml,true,65.83,65.83,apollon143
product-lines/email_spec11_product27.cil.yml,true,66.08,33.0,apollon112
array-examples/sorting_bubblesort_ground-2.yml,true,66.54,66.54,apollon149
product-lines/elevator_spec3_product21.cil.yml,true,66.64,33.38,apollon073
product-lines/email_spec7_product32.cil.yml,true,66.79,33.34,apollon044
list-simple/dll2c_remove_all_reverse.yml,true,66.94,66.96,apollon092
product-lines/email_spec6_product21.cil.yml,true,66.96,33.47,apollon014
product-lines/elevator_spec2_product26.cil.yml,true,67.38,33.66,apollon013
nla-digbench-scaling/hard-ll_valuebound50.yml,true,68.17,68.17,apollon035
combinations/gcd_3+newton_2_4.yml,true,68.4,68.43,apollon161
product-lines/email_spec3_product23.cil.yml,true,68.45,34.18,apollon038
product-lines/email_spec3_product25.cil.yml,true,68.52,34.22,apollon111
hardness-nfm22/hardness_operatoramount_amount100_file-40.yml,true,68.73,68.76,apollon144
product-lines/email_spec7_product23.cil.yml,true,68.79,34.34,apollon043
product-lines/email_spec7_product19.cil.yml,true,69.05,34.47,apollon104
hardness-nfm22/hardness_operatoramount_amount500_file-14.yml,true,69.31,69.34,apollon023
eca-rers2012/Problem10_label53.yml,true,69.4,69.39,apollon112
product-lines/email_spec8_product14.cil.yml,true,69.41,34.66,apollon050
product-lines/elevator_spec2_product20.cil.yml,true,69.57,34.75,apollon080
product-lines/elevator_spec2_product18.cil.yml,true,69.96,34.94,apollon008
eca-rers2012/Problem10_label36.yml,true,70.3,70.32,apollon112
xcsp/Haystacks-08.yml,true,70.63,70.63,apollon013
product-lines/elevator_spec2_product28.cil.yml,true,70.98,35.45,apollon147
hardness-nfm22/hardness_variablewrapping_wrapper-a_file-86.yml,true,71.02,71.02,apollon120
floats-cdfpl/newton_3_8.yml,false(unreach-call),71.2,71.18,apollon035
hardness-nfm22/hardness_variablewrapping_wrapper-p_file-77.yml,true,71.23,71.23,apollon002
product-lines/email_spec4_product34.cil.yml,true,71.26,35.57,apollon078
array-industry-pattern/array_range_init.yml,true,71.43,71.43,apollon081
combinations/gcd_3+newton_3_7.yml,false(unreach-call),71.44,71.43,apollon131
hardness-nfm22/hardness_operatoramount_amount250_file-15.yml,true,71.61,71.62,apollon167
product-lines/email_spec6_product34.cil.yml,true,71.98,35.93,apollon167
eca-rers2012/Problem10_label25.yml,true,72.06,72.07,apollon034
product-lines/email_spec11_product35.cil.yml,true,72.37,36.13,apollon084
product-lines/email_spec1_product22.cil.yml,true,72.48,36.15,apollon010
combinations/square_6+soft_float_1-2a.c.cil.yml,true,72.61,72.61,apollon159
product-lines/email_spec7_product25.cil.yml,true,73.09,36.48,apollon002
product-lines/email_spec9_product34.cil.yml,true,73.38,36.63,apollon132
product-lines/elevator_spec9_product28.cil.yml,true,73.63,36.78,apollon034
product-lines/email_spec6_product26.cil.yml,true,73.79,36.81,apollon074
combinations/gcd_2+newton_2_5.yml,true,73.82,73.82,apollon165
memsafety/lockfree-3.2.yml,false(valid-memtrack),74.17,74.16,apollon026
product-lines/email_spec0_product34.cil.yml,true,74.2,37.04,apollon125
product-lines/email_spec8_product34.cil.yml,true,74.31,37.1,apollon008
combinations/square_4+soft_float_2a.c.cil.yml,true,74.82,74.86,apollon084
product-lines/email_spec0_product26.cil.yml,true,74.85,37.36,apollon062
product-lines/email_spec3_product27.cil.yml,true,75.1,37.48,apollon035
hardness-nfm22/hardness_variablewrapping_wrapper-p_file-17.yml,true,75.38,75.38,apollon043
combinations/gcd_4+newton_3_8.yml,false(unreach-call),75.53,75.51,apollon053
xcsp/CostasArray-14.yml,false(unreach-call),75.87,75.87,apollon143
product-lines/email_spec27_product29.cil.yml,true,76.19,38.03,apollon091
product-lines/email_spec0_product38.cil.yml,true,76.47,38.16,apollon141
product-lines/email_spec1_product20.cil.yml,true,76.52,38.28,apollon150
product-lines/email_spec0_product27.cil.yml,true,76.77,38.32,apollon103
nla-digbench-scaling/egcd2-ll_unwindbound2.yml,true,76.81,76.83,apollon008
product-lines/elevator_spec1_product20.cil.yml,true,77.02,38.47,apollon041
eca-rers2012/Problem10_label35.yml,true,77.1,77.09,apollon137
hardness-nfm22/hardness_operatoramount_amount500_file-69.yml,true,77.11,77.1,apollon114
eca-rers2012/Problem10_label40.yml,true,77.14,77.14,apollon004
hardness-nfm22/hardness_operatoramount_amount500_file-80.yml,true,77.33,77.34,apollon121
product-lines/email_spec27_product34.cil.yml,true,77.49,38.69,apollon001
list-ext3-properties/dll_nullified-1.yml,false(unreach-call),77.52,77.51,apollon139
eca-rers2012/Problem10_label27.yml,true,77.66,77.72,apollon003
eca-rers2012/Problem10_label00.yml,true,77.71,77.72,apollon103
product-lines/email_spec4_product32.cil.yml,true,77.77,38.8,apollon048
eca-rers2012/Problem10_label28.yml,false(unreach-call),77.9,77.93,apollon142
eca-rers2012/Problem10_label01.yml,true,78.08,78.08,apollon103
product-lines/email_spec4_product27.cil.yml,true,78.23,39.0,apollon161
product-lines/elevator_spec9_product26.cil.yml,true,78.25,39.08,apollon124
hardness-nfm22/hardness_operatoramount_amount500_file-40.yml,true,78.34,78.39,apollon039
eca-rers2012/Problem10_label05.yml,true,78.4,78.46,apollon063
eca-rers2012/Problem10_label13.yml,true,79.16,79.16,apollon021
eca-rers2012/Problem10_label24.yml,false(unreach-call),79.58,79.57,apollon040
eca-rers2012/Problem10_label52.yml,true,79.64,79.66,apollon059
hardness-nfm22/hardness_operatoramount_amount250_file-87.yml,true,79.82,79.84,apollon088
eca-rers2012/Problem10_label18.yml,true,79.87,79.9,apollon153
xcsp/aim-200-3-4-sat-4.yml,false(unreach-call),79.88,79.88,apollon002
eca-rers2012/Problem10_label48.yml,false(unreach-call),79.95,79.94,apollon065
eca-rers2012/Problem10_label20.yml,true,79.99,79.99,apollon014
eca-rers2012/Problem10_label21.yml,true,80.02,80.01,apollon078
eca-rers2012/Problem10_label10.yml,true,80.25,80.25,apollon105
product-lines/email_spec9_product26.cil.yml,true,80.36,40.09,apollon074
eca-rers2012/Problem10_label03.yml,true,80.52,80.52,apollon113
termination-restricted-15/NarrowKonv.yml,false(termination),80.56,80.3,apollon061
product-lines/email_spec9_product21.cil.yml,true,80.58,40.2,apollon079
product-lines/email_spec9_product35.cil.yml,true,80.94,40.4,apollon004
product-lines/elevator_spec3_product18.cil.yml,true,81.0,40.49,apollon122
xcsp/aim-200-6-0-sat-2.yml,false(unreach-call),81.29,81.28,apollon077
product-lines/email_spec9_product20.cil.yml,true,81.34,40.57,apollon051
product-lines/email_spec0_product21.cil.yml,true,81.59,40.73,apollon164
hardness-nfm22/hardness_variablewrapping_wrapper-a_file-19.yml,true,81.61,81.64,apollon082
array-tiling/pr5.yml,true,81.75,81.78,apollon141
eca-rers2012/Problem10_label34.yml,true,81.84,81.83,apollon120
eca-rers2012/Problem10_label37.yml,true,81.98,81.98,apollon162
product-lines/elevator_spec1_product28.cil.yml,true,82.15,41.03,apollon039
nla-digbench/divbin.yml,false(unreach-call),82.23,82.22,apollon158
product-lines/email_spec6_product29.cil.yml,true,82.35,41.1,apollon118
product-lines/elevator_spec1_product18.cil.yml,true,82.35,41.12,apollon140
hardness-nfm22/hardness_operatoramount_amount500_file-46.yml,true,82.52,82.52,apollon052
eca-rers2012/Problem10_label04.yml,true,82.64,82.67,apollon092
eca-rers2012/Problem10_label22.yml,true,83.3,83.3,apollon128
nla-digbench-scaling/divbin_unwindbound5.yml,true,83.4,83.4,apollon070
hardness-nfm22/hardness_loopvsstraightlinecode_100-1loop_file-81.yml,true,83.44,83.47,apollon164
eca-rers2012/Problem10_label02.yml,true,83.52,83.52,apollon151
product-lines/email_spec7_product34.cil.yml,true,83.6,41.75,apollon093
eca-rers2012/Problem10_label38.yml,true,83.69,83.69,apollon128
eca-rers2012/Problem10_label41.yml,false(unreach-call),83.84,83.83,apollon128
eca-rers2012/Problem10_label14.yml,true,83.86,83.86,apollon046
hardness-nfm22/hardness_loopvsstraightlinecode_100-while_file-40.yml,true,84.03,84.02,apollon091
product-lines/email_spec27_product32.cil.yml,true,84.55,42.2,apollon098
eca-rers2012/Problem10_label23.yml,true,84.58,84.58,apollon131
product-lines/email_spec11_product26.cil.yml,true,84.75,42.31,apollon078
product-lines/email_spec9_product32.cil.yml,true,84.98,42.39,apollon117
eca-rers2012/Problem10_label16.yml,true,85.03,85.03,apollon139
nla-digbench-scaling/ps5-ll_valuebound1.yml,true,85.04,85.04,apollon081
hardness-nfm22/hardness_variablewrapping_wrapper-p_file-52.yml,true,85.24,85.26,apollon131
eca-rers2012/Problem10_label31.yml,true,85.38,85.38,apollon085
combinations/gcd_1+newton_3_1.yml,true,85.39,85.38,apollon093
bitvector/byte_add-2.yml,false(no-overflow),85.48,85.46,apollon117
eca-rers2012/Problem10_label45.yml,true,85.5,85.49,apollon090
eca-rers2012/Problem10_label44.yml,true,86.1,86.1,apollon100
product-lines/elevator_spec1_product26.cil.yml,true,86.11,43.01,apollon028
hardness-nfm22/hardness_variablewrapping_wrapper-sp_file-52.yml,true,86.4,86.4,apollon095
product-lines/email_spec27_product23.cil.yml,true,86.68,43.26,apollon084
eca-rers2012/Problem10_label43.yml,true,87.29,87.29,apollon039
nla-digbench-scaling/hard2_unwindbound2.yml,true,87.37,87.38,apollon006
eca-rers2012/Problem10_label30.yml,true,87.54,87.53,apollon033
eca-rers2012/Problem10_label39.yml,true,87.64,87.66,apollon021
eca-rers2012/Problem10_label19.yml,true,87.64,87.67,apollon091
product-lines/elevator_spec2_product32.cil.yml,true,87.76,43.86,apollon044
combinations/gcd_3+newton_3_2.yml,true,88.08,88.12,apollon140
nla-digbench-scaling/prodbin-ll_valuebound50.yml,true,88.54,88.56,apollon110
eca-rers2012/Problem10_label08.yml,true,88.57,88.57,apollon049
eca-rers2012/Problem10_label07.yml,true,88.6,88.6,apollon056
eca-rers2012/Problem10_label33.yml,true,88.81,88.85,apollon164
hardness-nfm22/hardness_operatoramount_amount250_file-71.yml,true,88.87,88.87,apollon131
product-lines/email_spec27_product25.cil.yml,true,89.06,44.43,apollon020
eca-rers2012/Problem10_label50.yml,false(unreach-call),89.28,89.27,apollon059
product-lines/email_spec1_product35.cil.yml,true,89.28,44.54,apollon046
product-lines/elevator_spec3_product26.cil.yml,true,89.38,44.7,apollon122
eca-rers2012/Problem10_label57.yml,false(unreach-call),89.63,89.62,apollon137
eca-rers2012/Problem10_label26.yml,false(unreach-call),89.73,89.71,apollon074
eca-rers2012/Problem10_label51.yml,true,90.82,90.86,apollon074
product-lines/elevator_spec14_productSimulator.cil.yml,false(unreach-call),90.85,90.83,apollon077
combinations/square_4+soft_float_5a.c.cil.yml,true,91.09,91.09,apollon132
eca-rers2012/Problem10_label15.yml,false(unreach-call),91.47,91.46,apollon077
eca-rers2012/Problem10_label47.yml,false(unreach-call),91.53,91.52,apollon070
product-lines/email_spec27_product27.cil.yml,true,91.6,45.72,apollon020
eca-rers2012/Problem10_label49.yml,true,91.71,91.73,apollon033
eca-rers2012/Problem10_label54.yml,true,92.58,92.58,apollon027
hardness-nfm22/hardness_loopvsstraightlinecode_100-while_file-84.yml,true,93.01,93.01,apollon142
product-lines/elevator_spec9_product32.cil.yml,true,93.14,46.49,apollon065
nla-digbench-scaling/cohencu-ll_valuebound5.yml,true,93.18,93.22,apollon044
combinations/gcd_4+newton_2_5.yml,true,93.21,93.21,apollon102
product-lines/elevator_spec3_productSimulator.cil.yml,false(unreach-call),93.23,93.22,apollon153
product-lines/elevator_spec2_product22.cil.yml,true,93.92,46.9,apollon091
hardness-nfm22/hardness_operatoramount_amount250_file-55.yml,true,94.11,94.14,apollon148
eca-rers2012/Problem10_label55.yml,false(unreach-call),94.14,94.15,apollon001
combinations/square_7+soft_float_4-2a.c.cil.yml,true,94.35,94.35,apollon055
hardware-verification-bv/btor2c-lazyMod.sw_state_machine.yml,true,94.35,94.38,apollon025
hardness-nfm22/hardness_operatoramount_amount250_file-38.yml,true,94.76,94.77,apollon019
eca-rers2012/Problem10_label12.yml,false(unreach-call),94.96,94.97,apollon018
product-lines/email_spec8_product35.cil.yml,true,95.26,47.53,apollon029
hardness-nfm22/hardness_loopvsstraightlinecode_100-1loop_file-40.yml,true,95.71,95.71,apollon112
product-lines/email_spec6_product32.cil.yml,true,95.71,47.75,apollon016
forester-heap/sll-queue-2.yml,false(unreach-call),95.83,95.83,apollon097
product-lines/elevator_spec9_product30.cil.yml,true,95.91,47.91,apollon164
product-lines/elevator_spec2_product30.cil.yml,true,96.08,47.99,apollon109
eca-rers2012/Problem10_label06.yml,true,96.09,96.13,apollon094
product-lines/elevator_spec1_product30.cil.yml,true,96.68,48.28,apollon088
eca-rers2012/Problem10_label09.yml,true,96.73,96.79,apollon067
product-lines/email_spec1_product26.cil.yml,true,96.78,48.28,apollon077
eca-rers2012/Problem10_label42.yml,false(unreach-call),96.97,96.99,apollon090
list-simple/dll2n_update_all.yml,true,97.05,97.08,apollon130
product-lines/email_spec6_product35.cil.yml,true,97.09,48.46,apollon083
product-lines/email_spec7_product35.cil.yml,true,97.1,48.44,apollon051
hardness-nfm22/hardness_variablewrapping_wrapper-sp_file-17.yml,true,97.11,97.15,apollon045
product-lines/elevator_spec2_product24.cil.yml,true,97.54,48.73,apollon134
eca-rers2012/Problem10_label29.yml,false(unreach-call),97.91,97.94,apollon161
eca-rers2012/Problem10_label11.yml,true,98.74,98.74,apollon040
hardware-verification-bv/btor2c-lazyMod.eq_sdp_v1.yml,true,98.87,98.87,apollon044
list-simple/sll2n_update_all.yml,true,98.89,98.92,apollon101
