task_name,input_file,data_model,property_file,expected
2LS,c/hardness-nfm22/hardness_operatoramount_amount100_file-2.i,32,c/properties/unreach-call.prp,True
2LS,c/array-industry-pattern/array_of_struct_break.i,32,c/properties/no-overflow.prp,True
2LS,c/array-industry-pattern/array_of_struct_break.i,32,c/properties/unreach-call.prp,True
2LS,c/bitvector/byte_add_2-2.i,32,c/properties/no-overflow.prp,True
2LS,c/bitvector/byte_add_2-2.i,32,c/properties/termination.prp,True
2LS,c/bitvector/byte_add_2-2.i,32,c/properties/unreach-call.prp,True
2LS,c/combinations/gcd_3+newton_2_5.i,32,c/properties/unreach-call.prp,True
2LS,c/combinations/gcd_4+newton_2_2.i,32,c/properties/unreach-call.prp,True
2LS,c/bitvector/byte_add_1-2.i,32,c/properties/no-overflow.prp,False
2LS,c/nla-digbench-scaling/cohencu-ll_valuebound2.c,32,c/properties/unreach-call.prp,True
2LS,c/nla-digbench-scaling/cohencu-ll_valuebound2.c,32,c/properties/no-overflow.prp,True
2LS,c/floats-cdfpl/newton_3_7.i,32,c/properties/termination.prp,True
2LS,c/floats-cdfpl/newton_3_7.i,32,c/properties/unreach-call.prp,False
2LS,c/combinations/gcd_2+newton_3_7.i,32,c/properties/unreach-call.prp,False
2LS,c/hardware-verification-bv/btor2c-lazyMod.eq_sdp_v4.c,64,c/properties/unreach-call.prp,True
2LS,c/list-simple/dll2n_update_all.i,32,c/properties/no-overflow.prp,True
2LS,c/list-simple/dll2n_update_all.i,32,c/properties/unreach-call.prp,True
2LS,c/list-simple/dll2n_update_all.i,32,c/properties/valid-memsafety.prp,True
2LS,c/nla-digbench-scaling/ps5-ll_unwindbound1.c,32,c/properties/unreach-call.prp,False
2LS,c/nla-digbench-scaling/ps5-ll_unwindbound1.c,32,c/properties/no-overflow.prp,True
2LS,c/hardness-nfm22/hardness_fillercode_fillercodesize_ps-cn-250_file-33.i,32,c/properties/unreach-call.prp,True
2LS,c/hardness-nfm22/hardness_loopvsstraightlinecode_100-1loop_file-12.i,32,c/properties/unreach-call.prp,True
2LS,c/hardness-nfm22/hardness_fillercode_fillercodesize_ps-cn-250_file-73.i,32,c/properties/unreach-call.prp,True
2LS,c/nla-digbench-scaling/bresenham-ll_valuebound5.c,32,c/properties/unreach-call.prp,True
2LS,c/nla-digbench-scaling/bresenham-ll_valuebound5.c,32,c/properties/no-overflow.prp,True
2LS,c/combinations/gcd_2+newton_2_3.i,32,c/properties/unreach-call.prp,True
2LS,c/hardness-nfm22/hardness_operatoramount_amount500_file-30.i,32,c/properties/unreach-call.prp,True
2LS,c/hardness-nfm22/hardness_variablewrapping_wrapper-a_file-46.i,32,c/properties/unreach-call.prp,True
2LS,c/hardware-verification-bv/btor2c-lazyMod.eq_sdp_v5.c,64,c/properties/unreach-call.prp,False
2LS,c/hardness-nfm22/hardness_operatoramount_amount250_file-65.i,32,c/properties/unreach-call.prp,True
2LS,c/eca-rers2012/Problem10_label32.c,32,c/properties/unreach-call.prp,True
2LS,c/array-examples/sorting_bubblesort_ground-2.i,32,c/properties/no-overflow.prp,True
2LS,c/array-examples/sorting_bubblesort_ground-2.i,32,c/properties/unreach-call.prp,False
2LS,c/list-simple/dll2c_remove_all_reverse.i,32,c/properties/no-overflow.prp,True
2LS,c/list-simple/dll2c_remove_all_reverse.i,32,c/properties/unreach-call.prp,True
2LS,c/list-simple/dll2c_remove_all_reverse.i,32,c/properties/valid-memsafety.prp,True
2LS,c/nla-digbench-scaling/hard-ll_valuebound50.c,32,c/properties/unreach-call.prp,True
2LS,c/nla-digbench-scaling/hard-ll_valuebound50.c,32,c/properties/no-overflow.prp,True
2LS,c/combinations/gcd_3+newton_2_4.i,32,c/properties/unreach-call.prp,True
2LS,c/hardness-nfm22/hardness_operatoramount_amount100_file-40.i,32,c/properties/unreach-call.prp,True
2LS,c/hardness-nfm22/hardness_operatoramount_amount500_file-14.i,32,c/properties/unreach-call.prp,True
2LS,c/eca-rers2012/Problem10_label53.c,32,c/properties/unreach-call.prp,True
2LS,c/eca-rers2012/Problem10_label36.c,32,c/properties/unreach-call.prp,True
2LS,c/xcsp/Haystacks-08.c,32,c/properties/unreach-call.prp,True
2LS,c/hardness-nfm22/hardness_variablewrapping_wrapper-a_file-86.i,32,c/properties/unreach-call.prp,True
2LS,c/floats-cdfpl/newton_3_8.i,32,c/properties/termination.prp,True
2LS,c/floats-cdfpl/newton_3_8.i,32,c/properties/unreach-call.prp,False
2LS,c/hardness-nfm22/hardness_variablewrapping_wrapper-p_file-77.i,32,c/properties/unreach-call.prp,True
2LS,c/array-industry-pattern/array_range_init.i,32,c/properties/no-overflow.prp,True
2LS,c/array-industry-pattern/array_range_init.i,32,c/properties/unreach-call.prp,False
2LS,c/combinations/gcd_3+newton_3_7.i,32,c/properties/unreach-call.prp,False
2LS,c/hardness-nfm22/hardness_operatoramount_amount250_file-15.i,32,c/properties/unreach-call.prp,True
2LS,c/eca-rers2012/Problem10_label25.c,32,c/properties/unreach-call.prp,True
2LS,c/combinations/square_6+soft_float_1-2a.c.cil.c,32,c/properties/unreach-call.prp,True
2LS,c/combinations/gcd_2+newton_2_5.i,32,c/properties/unreach-call.prp,True
2LS,c/memsafety/lockfree-3.2.i,32,c/properties/valid-memsafety.prp,False
2LS,c/combinations/square_4+soft_float_2a.c.cil.c,32,c/properties/unreach-call.prp,True
2LS,c/hardness-nfm22/hardness_variablewrapping_wrapper-p_file-17.i,32,c/properties/unreach-call.prp,True
2LS,c/combinations/gcd_4+newton_3_8.i,32,c/properties/unreach-call.prp,False
2LS,c/xcsp/CostasArray-14.c,32,c/properties/unreach-call.prp,False
2LS,c/nla-digbench-scaling/egcd2-ll_unwindbound2.c,32,c/properties/unreach-call.prp,False
2LS,c/nla-digbench-scaling/egcd2-ll_unwindbound2.c,32,c/properties/no-overflow.prp,True
2LS,c/eca-rers2012/Problem10_label35.c,32,c/properties/unreach-call.prp,True
2LS,c/hardness-nfm22/hardness_operatoramount_amount500_file-69.i,32,c/properties/unreach-call.prp,True
2LS,c/eca-rers2012/Problem10_label40.c,32,c/properties/unreach-call.prp,True
2LS,c/hardness-nfm22/hardness_operatoramount_amount500_file-80.i,32,c/properties/unreach-call.prp,True
2LS,c/list-ext3-properties/dll_nullified-1.i,32,c/properties/no-overflow.prp,True
2LS,c/list-ext3-properties/dll_nullified-1.i,32,c/properties/unreach-call.prp,False
2LS,c/list-ext3-properties/dll_nullified-1.i,32,c/properties/valid-memcleanup.prp,False
2LS,c/eca-rers2012/Problem10_label27.c,32,c/properties/unreach-call.prp,True
2LS,c/eca-rers2012/Problem10_label00.c,32,c/properties/unreach-call.prp,True
2LS,c/eca-rers2012/Problem10_label28.c,32,c/properties/unreach-call.prp,False
2LS,c/eca-rers2012/Problem10_label01.c,32,c/properties/unreach-call.prp,True
2LS,c/hardness-nfm22/hardness_operatoramount_amount500_file-40.i,32,c/properties/unreach-call.prp,True
2LS,c/eca-rers2012/Problem10_label05.c,32,c/properties/unreach-call.prp,True
2LS,c/eca-rers2012/Problem10_label13.c,32,c/properties/unreach-call.prp,True
2LS,c/eca-rers2012/Problem10_label24.c,32,c/properties/unreach-call.prp,False
2LS,c/eca-rers2012/Problem10_label52.c,32,c/properties/unreach-call.prp,True
2LS,c/hardness-nfm22/hardness_operatoramount_amount250_file-87.i,32,c/properties/unreach-call.prp,True
2LS,c/eca-rers2012/Problem10_label18.c,32,c/properties/unreach-call.prp,True
2LS,c/xcsp/aim-200-3-4-sat-4.c,32,c/properties/unreach-call.prp,False
2LS,c/eca-rers2012/Problem10_label48.c,32,c/properties/unreach-call.prp,False
2LS,c/eca-rers2012/Problem10_label20.c,32,c/properties/unreach-call.prp,True
2LS,c/eca-rers2012/Problem10_label21.c,32,c/properties/unreach-call.prp,True
2LS,c/eca-rers2012/Problem10_label10.c,32,c/properties/unreach-call.prp,True
2LS,c/eca-rers2012/Problem10_label03.c,32,c/properties/unreach-call.prp,True
2LS,c/termination-restricted-15/NarrowKonv.c,64,c/properties/no-overflow.prp,True
2LS,c/termination-restricted-15/NarrowKonv.c,64,c/properties/termination.prp,False
2LS,c/xcsp/aim-200-6-0-sat-2.c,32,c/properties/unreach-call.prp,False
2LS,c/hardness-nfm22/hardness_variablewrapping_wrapper-a_file-19.i,32,c/properties/unreach-call.prp,True
2LS,c/array-tiling/pr5.c,32,c/properties/no-overflow.prp,True
2LS,c/array-tiling/pr5.c,32,c/properties/unreach-call.prp,True
2LS,c/eca-rers2012/Problem10_label34.c,32,c/properties/unreach-call.prp,True
2LS,c/eca-rers2012/Problem10_label37.c,32,c/properties/unreach-call.prp,True
2LS,c/nla-digbench/divbin.i,32,c/properties/unreach-call.prp,False
2LS,c/nla-digbench/divbin.i,32,c/properties/no-overflow.prp,True
2LS,c/hardness-nfm22/hardness_operatoramount_amount500_file-46.i,32,c/properties/unreach-call.prp,True
2LS,c/eca-rers2012/Problem10_label04.c,32,c/properties/unreach-call.prp,True
2LS,c/eca-rers2012/Problem10_label22.c,32,c/properties/unreach-call.prp,True
2LS,c/nla-digbench-scaling/divbin_unwindbound5.i,32,c/properties/unreach-call.prp,True
2LS,c/nla-digbench-scaling/divbin_unwindbound5.i,32,c/properties/no-overflow.prp,True
2LS,c/hardness-nfm22/hardness_loopvsstraightlinecode_100-1loop_file-81.i,32,c/properties/unreach-call.prp,True
2LS,c/eca-rers2012/Problem10_label02.c,32,c/properties/unreach-call.prp,True
2LS,c/eca-rers2012/Problem10_label38.c,32,c/properties/unreach-call.prp,True
2LS,c/eca-rers2012/Problem10_label41.c,32,c/properties/unreach-call.prp,False
2LS,c/eca-rers2012/Problem10_label14.c,32,c/properties/unreach-call.prp,True
2LS,c/hardness-nfm22/hardness_loopvsstraightlinecode_100-while_file-40.i,32,c/properties/unreach-call.prp,True
2LS,c/eca-rers2012/Problem10_label23.c,32,c/properties/unreach-call.prp,True
2LS,c/eca-rers2012/Problem10_label16.c,32,c/properties/unreach-call.prp,True
2LS,c/nla-digbench-scaling/ps5-ll_valuebound1.c,32,c/properties/unreach-call.prp,True
2LS,c/nla-digbench-scaling/ps5-ll_valuebound1.c,32,c/properties/no-overflow.prp,True
2LS,c/hardness-nfm22/hardness_variablewrapping_wrapper-p_file-52.i,32,c/properties/unreach-call.prp,True
2LS,c/eca-rers2012/Problem10_label31.c,32,c/properties/unreach-call.prp,True
2LS,c/combinations/gcd_1+newton_3_1.i,32,c/properties/unreach-call.prp,True
2LS,c/bitvector/byte_add-2.i,32,c/properties/no-overflow.prp,False
2LS,c/eca-rers2012/Problem10_label45.c,32,c/properties/unreach-call.prp,True
2LS,c/eca-rers2012/Problem10_label44.c,32,c/properties/unreach-call.prp,True
2LS,c/hardness-nfm22/hardness_variablewrapping_wrapper-sp_file-52.i,32,c/properties/unreach-call.prp,True
2LS,c/eca-rers2012/Problem10_label43.c,32,c/properties/unreach-call.prp,True
2LS,c/nla-digbench-scaling/hard2_unwindbound2.c,32,c/properties/unreach-call.prp,False
2LS,c/nla-digbench-scaling/hard2_unwindbound2.c,32,c/properties/no-overflow.prp,True
2LS,c/eca-rers2012/Problem10_label30.c,32,c/properties/unreach-call.prp,True
2LS,c/eca-rers2012/Problem10_label39.c,32,c/properties/unreach-call.prp,True
2LS,c/eca-rers2012/Problem10_label19.c,32,c/properties/unreach-call.prp,True
2LS,c/combinations/gcd_3+newton_3_2.i,32,c/properties/unreach-call.prp,True
2LS,c/nla-digbench-scaling/prodbin-ll_valuebound50.c,32,c/properties/unreach-call.prp,True
2LS,c/nla-digbench-scaling/prodbin-ll_valuebound50.c,32,c/properties/no-overflow.prp,True
2LS,c/eca-rers2012/Problem10_label08.c,32,c/properties/unreach-call.prp,True
2LS,c/eca-rers2012/Problem10_label07.c,32,c/properties/unreach-call.prp,True
2LS,c/eca-rers2012/Problem10_label33.c,32,c/properties/unreach-call.prp,True
2LS,c/hardness-nfm22/hardness_operatoramount_amount250_file-71.i,32,c/properties/unreach-call.prp,True
2LS,c/eca-rers2012/Problem10_label50.c,32,c/properties/unreach-call.prp,False
2LS,c/eca-rers2012/Problem10_label57.c,32,c/properties/unreach-call.prp,False
2LS,c/eca-rers2012/Problem10_label26.c,32,c/properties/unreach-call.prp,False
2LS,c/eca-rers2012/Problem10_label51.c,32,c/properties/unreach-call.prp,True
2LS,c/product-lines/elevator_spec14_productSimulator.cil.c,32,c/properties/termination.prp,True
2LS,c/product-lines/elevator_spec14_productSimulator.cil.c,32,c/properties/unreach-call.prp,False
2LS,c/combinations/square_4+soft_float_5a.c.cil.c,32,c/properties/unreach-call.prp,True
2LS,c/eca-rers2012/Problem10_label15.c,32,c/properties/unreach-call.prp,False
2LS,c/eca-rers2012/Problem10_label47.c,32,c/properties/unreach-call.prp,False
2LS,c/eca-rers2012/Problem10_label49.c,32,c/properties/unreach-call.prp,True
2LS,c/eca-rers2012/Problem10_label54.c,32,c/properties/unreach-call.prp,True
2LS,c/hardness-nfm22/hardness_loopvsstraightlinecode_100-while_file-84.i,32,c/properties/unreach-call.prp,True
2LS,c/nla-digbench-scaling/cohencu-ll_valuebound5.c,32,c/properties/unreach-call.prp,True
2LS,c/nla-digbench-scaling/cohencu-ll_valuebound5.c,32,c/properties/no-overflow.prp,True
2LS,c/combinations/gcd_4+newton_2_5.i,32,c/properties/unreach-call.prp,True
2LS,c/product-lines/elevator_spec3_productSimulator.cil.c,32,c/properties/termination.prp,True
2LS,c/product-lines/elevator_spec3_productSimulator.cil.c,32,c/properties/unreach-call.prp,False
2LS,c/hardness-nfm22/hardness_operatoramount_amount250_file-55.i,32,c/properties/unreach-call.prp,True
2LS,c/eca-rers2012/Problem10_label55.c,32,c/properties/unreach-call.prp,False
2LS,c/combinations/square_7+soft_float_4-2a.c.cil.c,32,c/properties/unreach-call.prp,True
2LS,c/hardware-verification-bv/btor2c-lazyMod.sw_state_machine.c,64,c/properties/unreach-call.prp,True
2LS,c/hardness-nfm22/hardness_operatoramount_amount250_file-38.i,32,c/properties/unreach-call.prp,True
2LS,c/eca-rers2012/Problem10_label12.c,32,c/properties/unreach-call.prp,False
2LS,c/hardness-nfm22/hardness_loopvsstraightlinecode_100-1loop_file-40.i,32,c/properties/unreach-call.prp,True
2LS,c/forester-heap/sll-queue-2.i,32,c/properties/unreach-call.prp,False
2LS,c/forester-heap/sll-queue-2.i,32,c/properties/valid-memcleanup.prp,False
2LS,c/eca-rers2012/Problem10_label06.c,32,c/properties/unreach-call.prp,True
2LS,c/eca-rers2012/Problem10_label09.c,32,c/properties/unreach-call.prp,True
2LS,c/eca-rers2012/Problem10_label42.c,32,c/properties/unreach-call.prp,False
2LS,c/list-simple/dll2n_update_all.i,32,c/properties/no-overflow.prp,True
2LS,c/list-simple/dll2n_update_all.i,32,c/properties/unreach-call.prp,True
2LS,c/list-simple/dll2n_update_all.i,32,c/properties/valid-memsafety.prp,True
2LS,c/hardness-nfm22/hardness_variablewrapping_wrapper-sp_file-17.i,32,c/properties/unreach-call.prp,True
2LS,c/eca-rers2012/Problem10_label29.c,32,c/properties/unreach-call.prp,False
2LS,c/eca-rers2012/Problem10_label11.c,32,c/properties/unreach-call.prp,True
2LS,c/hardware-verification-bv/btor2c-lazyMod.eq_sdp_v1.c,64,c/properties/unreach-call.prp,True
2LS,c/list-simple/sll2n_update_all.i,32,c/properties/no-overflow.prp,True
2LS,c/list-simple/sll2n_update_all.i,32,c/properties/unreach-call.prp,True
2LS,c/list-simple/sll2n_update_all.i,32,c/properties/valid-memsafety.prp,True
2LS,c/list-simple/dll2n_update_all_reverse.i,32,c/properties/no-overflow.prp,True
2LS,c/list-simple/dll2n_update_all_reverse.i,32,c/properties/unreach-call.prp,True
2LS,c/list-simple/dll2n_update_all_reverse.i,32,c/properties/valid-memsafety.prp,True
2LS,c/floats-cdfpl/newton_3_4.i,32,c/properties/termination.prp,True
2LS,c/floats-cdfpl/newton_3_4.i,32,c/properties/unreach-call.prp,True
2LS,c/nla-digbench-scaling/egcd2-ll_unwindbound1.c,32,c/properties/unreach-call.prp,False
2LS,c/nla-digbench-scaling/egcd2-ll_unwindbound1.c,32,c/properties/no-overflow.prp,True
2LS,c/forester-heap/dll-queue-2.i,32,c/properties/unreach-call.prp,False
2LS,c/forester-heap/dll-queue-2.i,32,c/properties/valid-memcleanup.prp,False
2LS,c/hardness-nfm22/hardness_variablewrapping_wrapper-a_file-67.i,32,c/properties/unreach-call.prp,True
2LS,c/hardness-nfm22/hardness_operatoramount_amount250_file-19.i,32,c/properties/unreach-call.prp,True
2LS,c/floats-cdfpl/newton_3_3.i,32,c/properties/termination.prp,True
2LS,c/floats-cdfpl/newton_3_3.i,32,c/properties/unreach-call.prp,True
2LS,c/bitvector/byte_add-1.i,32,c/properties/no-overflow.prp,True
2LS,c/bitvector/byte_add-1.i,32,c/properties/termination.prp,True
2LS,c/bitvector/byte_add-1.i,32,c/properties/unreach-call.prp,False
2LS,c/nla-digbench-scaling/ps6-ll_unwindbound1.c,32,c/properties/unreach-call.prp,False
2LS,c/nla-digbench-scaling/ps6-ll_unwindbound1.c,32,c/properties/no-overflow.prp,True
2LS,c/floats-cdfpl/newton_3_1.i,32,c/properties/termination.prp,True
2LS,c/floats-cdfpl/newton_3_1.i,32,c/properties/unreach-call.prp,True
2LS,c/eca-rers2012/Problem10_label59.c,32,c/properties/unreach-call.prp,True
2LS,c/nla-digbench-scaling/hard-ll_valuebound100.c,32,c/properties/unreach-call.prp,True
2LS,c/nla-digbench-scaling/hard-ll_valuebound100.c,32,c/properties/no-overflow.prp,True
2LS,c/floats-cdfpl/square_5.i,32,c/properties/termination.prp,True
2LS,c/floats-cdfpl/square_5.i,32,c/properties/unreach-call.prp,True
2LS,c/hardness-nfm22/hardness_operatoramount_amount500_file-6.i,32,c/properties/unreach-call.prp,True
2LS,c/list-simple/sll2n_update_all_reverse.i,32,c/properties/no-overflow.prp,True
2LS,c/list-simple/sll2n_update_all_reverse.i,32,c/properties/unreach-call.prp,True
2LS,c/list-simple/sll2n_update_all_reverse.i,32,c/properties/valid-memsafety.prp,True
2LS,c/nla-digbench-scaling/hard2_unwindbound2.c,32,c/properties/unreach-call.prp,False
2LS,c/nla-digbench-scaling/hard2_unwindbound2.c,32,c/properties/no-overflow.prp,True
2LS,c/eca-rers2012/Problem10_label17.c,32,c/properties/unreach-call.prp,True
2LS,c/combinations/gcd_4+newton_3_3.i,32,c/properties/unreach-call.prp,True
2LS,c/combinations/gcd_4+newton_3_6.i,32,c/properties/unreach-call.prp,False
2LS,c/hardness-nfm22/hardness_fillercode_fillercodesize_ps-cn-500_file-3.i,32,c/properties/unreach-call.prp,True
2LS,c/eca-rers2012/Problem10_label58.c,32,c/properties/unreach-call.prp,False
2LS,c/hardness-nfm22/hardness_floatingpointinfluence_has-floats_file-17.i,32,c/properties/unreach-call.prp,True
2LS,c/hardness-nfm22/hardness_loopvsstraightlinecode_100-1loop_file-60.i,32,c/properties/unreach-call.prp,True
2LS,c/hardness-nfm22/hardness_loopvsstraightlinecode_100-while_file-60.i,32,c/properties/unreach-call.prp,True
2LS,c/hardness-nfm22/hardness_variablewrapping_wrapper-s_file-17.i,32,c/properties/unreach-call.prp,True
2LS,c/hardware-verification-bv/btor2c-lazyMod.eq_sdp_v2.c,64,c/properties/unreach-call.prp,True
2LS,c/nla-digbench-scaling/bresenham-ll_valuebound10.c,32,c/properties/unreach-call.prp,True
2LS,c/nla-digbench-scaling/bresenham-ll_valuebound10.c,32,c/properties/no-overflow.prp,True
2LS,c/array-examples/standard_strcpy_ground-1.i,32,c/properties/no-overflow.prp,True
2LS,c/array-examples/standard_strcpy_ground-1.i,32,c/properties/unreach-call.prp,True
2LS,c/floats-cdfpl/newton_3_5.i,32,c/properties/termination.prp,True
2LS,c/floats-cdfpl/newton_3_5.i,32,c/properties/unreach-call.prp,True
2LS,c/hardness-nfm22/hardness_variablewrapping_wrapper-a_file-8.i,32,c/properties/unreach-call.prp,True
2LS,c/hardware-verification-bv/btor2c-lazyMod.eq_sdp_v3.c,64,c/properties/unreach-call.prp,False
2LS,c/combinations/gcd_4+newton_3_5.i,32,c/properties/unreach-call.prp,True
2LS,c/combinations/gcd_4+newton_3_7.i,32,c/properties/unreach-call.prp,False
2LS,c/floats-cdfpl/square_4.i,32,c/properties/termination.prp,True
2LS,c/floats-cdfpl/square_4.i,32,c/properties/unreach-call.prp,True
2LS,c/eca-rers2012/Problem04_label23.c,32,c/properties/termination.prp,False
2LS,c/eca-rers2012/Problem04_label23.c,32,c/properties/unreach-call.prp,True
2LS,c/eca-rers2012/Problem04_label20.c,32,c/properties/termination.prp,False
2LS,c/eca-rers2012/Problem04_label20.c,32,c/properties/unreach-call.prp,True
2LS,c/hardness-nfm22/hardness_operatoramount_amount250_file-39.i,32,c/properties/unreach-call.prp,True
2LS,c/hardness-nfm22/hardness_operatoramount_amount100_file-84.i,32,c/properties/unreach-call.prp,True
2LS,c/hardware-verification-bv/btor2c-lazyMod.sw_sym_ex.c,64,c/properties/unreach-call.prp,True
2LS,c/combinations/gcd_1+newton_3_2.i,32,c/properties/unreach-call.prp,True
2LS,c/combinations/gcd_4+newton_3_4.i,32,c/properties/unreach-call.prp,True
2LS,c/floats-cdfpl/newton_3_2.i,32,c/properties/termination.prp,True
2LS,c/floats-cdfpl/newton_3_2.i,32,c/properties/unreach-call.prp,True
2LS,c/combinations/gcd_2+newton_3_4.i,32,c/properties/unreach-call.prp,True
2LS,c/combinations/gcd_1+newton_3_5.i,32,c/properties/unreach-call.prp,True
2LS,c/nla-digbench-scaling/hard-u_unwindbound5.c,32,c/properties/unreach-call.prp,False
2LS,c/nla-digbench-scaling/hard-u_unwindbound5.c,32,c/properties/no-overflow.prp,True
2LS,c/combinations/gcd_2+newton_3_2.i,32,c/properties/unreach-call.prp,True
2LS,c/combinations/gcd_2+newton_3_1.i,32,c/properties/unreach-call.prp,True
2LS,c/product-lines/elevator_spec3_product30.cil.c,32,c/properties/termination.prp,True
2LS,c/product-lines/elevator_spec3_product30.cil.c,32,c/properties/unreach-call.prp,True
2LS,c/combinations/gcd_2+newton_3_6.i,32,c/properties/unreach-call.prp,False
2LS,c/xcsp/AllInterval-013.c,32,c/properties/unreach-call.prp,False
2LS,c/hardware-verification-bv/btor2c-lazyMod.sw_sym_ex_v.c,64,c/properties/unreach-call.prp,False
2LS,c/eca-rers2012/Problem14_label35.c,32,c/properties/termination.prp,False
2LS,c/eca-rers2012/Problem14_label35.c,32,c/properties/unreach-call.prp,True
2LS,c/hardness-nfm22/hardness_variablewrapping_normal_file-17.i,32,c/properties/unreach-call.prp,True
2LS,c/combinations/square_6+soft_float_5a.c.cil.c,32,c/properties/unreach-call.prp,True
2LS,c/combinations/gcd_2+newton_3_3.i,32,c/properties/unreach-call.prp,True
2LS,c/combinations/gcd_4+newton_3_1.i,32,c/properties/unreach-call.prp,True
2LS,c/combinations/gcd_4+newton_3_2.i,32,c/properties/unreach-call.prp,True
2LS,c/seq-mthreaded/pals_STARTPALS_Triplicated.1.ufo.UNBOUNDED.pals.c,32,c/properties/no-overflow.prp,True
2LS,c/seq-mthreaded/pals_STARTPALS_Triplicated.1.ufo.UNBOUNDED.pals.c,32,c/properties/unreach-call.prp,False
2LS,c/seq-mthreaded/pals_STARTPALS_Triplicated.1.ufo.UNBOUNDED.pals.c,32,c/properties/termination.prp,False
2LS,c/nla-digbench-scaling/ps2-ll_unwindbound20.c,32,c/properties/unreach-call.prp,True
2LS,c/nla-digbench-scaling/ps2-ll_unwindbound20.c,32,c/properties/no-overflow.prp,True
2LS,c/combinations/gcd_3+newton_3_6.i,32,c/properties/unreach-call.prp,False
2LS,c/eca-rers2012/Problem14_label28.c,32,c/properties/termination.prp,False
2LS,c/eca-rers2012/Problem14_label28.c,32,c/properties/unreach-call.prp,False
2LS,c/eca-rers2012/Problem14_label59.c,32,c/properties/termination.prp,False
2LS,c/eca-rers2012/Problem14_label59.c,32,c/properties/unreach-call.prp,True
2LS,c/eca-rers2012/Problem14_label05.c,32,c/properties/termination.prp,False
2LS,c/eca-rers2012/Problem14_label05.c,32,c/properties/unreach-call.prp,True
2LS,c/eca-rers2012/Problem14_label29.c,32,c/properties/termination.prp,False
2LS,c/eca-rers2012/Problem14_label29.c,32,c/properties/unreach-call.prp,False
2LS,c/eca-rers2012/Problem14_label27.c,32,c/properties/termination.prp,False
2LS,c/eca-rers2012/Problem14_label27.c,32,c/properties/unreach-call.prp,False
2LS,c/eca-rers2012/Problem14_label18.c,32,c/properties/termination.prp,False
2LS,c/eca-rers2012/Problem14_label18.c,32,c/properties/unreach-call.prp,False
2LS,c/eca-rers2012/Problem14_label40.c,32,c/properties/termination.prp,False
2LS,c/eca-rers2012/Problem14_label40.c,32,c/properties/unreach-call.prp,False
2LS,c/heap-manipulation/merge_sort-2.i,32,c/properties/unreach-call.prp,True
2LS,c/heap-manipulation/merge_sort-2.i,32,c/properties/valid-memsafety.prp,True
2LS,c/floats-cdfpl/newton_3_6.i,32,c/properties/termination.prp,True
2LS,c/floats-cdfpl/newton_3_6.i,32,c/properties/unreach-call.prp,False
2LS,c/eca-rers2012/Problem14_label50.c,32,c/properties/termination.prp,False
2LS,c/eca-rers2012/Problem14_label50.c,32,c/properties/unreach-call.prp,True
2LS,c/eca-rers2012/Problem14_label20.c,32,c/properties/termination.prp,False
2LS,c/eca-rers2012/Problem14_label20.c,32,c/properties/unreach-call.prp,True
2LS,c/eca-rers2012/Problem14_label47.c,32,c/properties/termination.prp,False
2LS,c/eca-rers2012/Problem14_label47.c,32,c/properties/unreach-call.prp,True
2LS,c/eca-rers2012/Problem14_label31.c,32,c/properties/termination.prp,False
2LS,c/eca-rers2012/Problem14_label31.c,32,c/properties/unreach-call.prp,False
2LS,c/eca-rers2012/Problem14_label55.c,32,c/properties/termination.prp,False
2LS,c/eca-rers2012/Problem14_label55.c,32,c/properties/unreach-call.prp,True
2LS,c/eca-rers2012/Problem14_label12.c,32,c/properties/termination.prp,False
2LS,c/eca-rers2012/Problem14_label12.c,32,c/properties/unreach-call.prp,False
2LS,c/eca-rers2012/Problem14_label25.c,32,c/properties/termination.prp,False
2LS,c/eca-rers2012/Problem14_label25.c,32,c/properties/unreach-call.prp,True
2LS,c/eca-rers2012/Problem14_label00.c,32,c/properties/termination.prp,False
2LS,c/eca-rers2012/Problem14_label00.c,32,c/properties/unreach-call.prp,True
2LS,c/eca-rers2012/Problem14_label42.c,32,c/properties/termination.prp,False
2LS,c/eca-rers2012/Problem14_label42.c,32,c/properties/unreach-call.prp,True
2LS,c/eca-rers2012/Problem14_label32.c,32,c/properties/termination.prp,False
2LS,c/eca-rers2012/Problem14_label32.c,32,c/properties/unreach-call.prp,True
2LS,c/eca-rers2012/Problem14_label53.c,32,c/properties/termination.prp,False
2LS,c/eca-rers2012/Problem14_label53.c,32,c/properties/unreach-call.prp,True
2LS,c/eca-rers2012/Problem14_label20.c,32,c/properties/termination.prp,False
2LS,c/eca-rers2012/Problem14_label20.c,32,c/properties/unreach-call.prp,True
2LS,c/eca-rers2012/Problem14_label23.c,32,c/properties/termination.prp,False
2LS,c/eca-rers2012/Problem14_label23.c,32,c/properties/unreach-call.prp,True
2LS,c/eca-rers2012/Problem14_label07.c,32,c/properties/termination.prp,False
2LS,c/eca-rers2012/Problem14_label07.c,32,c/properties/unreach-call.prp,True
2LS,c/eca-rers2012/Problem14_label30.c,32,c/properties/termination.prp,False
2LS,c/eca-rers2012/Problem14_label30.c,32,c/properties/unreach-call.prp,True
2LS,c/eca-rers2012/Problem14_label01.c,32,c/properties/termination.prp,False
2LS,c/eca-rers2012/Problem14_label01.c,32,c/properties/unreach-call.prp,True
2LS,c/eca-rers2012/Problem14_label01.c,32,c/properties/termination.prp,False
2LS,c/eca-rers2012/Problem14_label01.c,32,c/properties/unreach-call.prp,True
2LS,c/seq-mthreaded/pals_STARTPALS_Triplicated.2.ufo.UNBOUNDED.pals.c,32,c/properties/no-overflow.prp,True
2LS,c/seq-mthreaded/pals_STARTPALS_Triplicated.2.ufo.UNBOUNDED.pals.c,32,c/properties/unreach-call.prp,False
2LS,c/seq-mthreaded/pals_STARTPALS_Triplicated.2.ufo.UNBOUNDED.pals.c,32,c/properties/termination.prp,False
2LS,c/eca-rers2012/Problem14_label45.c,32,c/properties/termination.prp,False
2LS,c/eca-rers2012/Problem14_label45.c,32,c/properties/unreach-call.prp,True
2LS,c/eca-rers2012/Problem14_label23.c,32,c/properties/termination.prp,False
2LS,c/eca-rers2012/Problem14_label23.c,32,c/properties/unreach-call.prp,True
2LS,c/combinations/gcd_3+newton_3_3.i,32,c/properties/unreach-call.prp,True
2LS,c/eca-rers2012/Problem14_label48.c,32,c/properties/termination.prp,False
2LS,c/eca-rers2012/Problem14_label48.c,32,c/properties/unreach-call.prp,True
2LS,c/hardness-nfm22/hardness_loopvsstraightlinecode_100-1loop_file-28.i,32,c/properties/unreach-call.prp,True
2LS,c/eca-rers2012/Problem14_label47.c,32,c/properties/termination.prp,False
2LS,c/eca-rers2012/Problem14_label47.c,32,c/properties/unreach-call.prp,True
2LS,c/nla-digbench-scaling/divbin_unwindbound20.i,32,c/properties/unreach-call.prp,False
2LS,c/nla-digbench-scaling/divbin_unwindbound20.i,32,c/properties/no-overflow.prp,True
2LS,c/eca-rers2012/Problem14_label59.c,32,c/properties/termination.prp,False
2LS,c/eca-rers2012/Problem14_label59.c,32,c/properties/unreach-call.prp,True
2LS,c/eca-rers2012/Problem14_label43.c,32,c/properties/termination.prp,False
2LS,c/eca-rers2012/Problem14_label43.c,32,c/properties/unreach-call.prp,False
2LS,c/eca-rers2012/Problem14_label33.c,32,c/properties/termination.prp,False
2LS,c/eca-rers2012/Problem14_label33.c,32,c/properties/unreach-call.prp,True
2LS,c/hardness-nfm22/hardness_loopvsstraightlinecode_100-1loop_file-84.i,32,c/properties/unreach-call.prp,True
2LS,c/nla-digbench-scaling/ps6-ll_valuebound1.c,32,c/properties/unreach-call.prp,True
2LS,c/nla-digbench-scaling/ps6-ll_valuebound1.c,32,c/properties/no-overflow.prp,True
2LS,c/eca-rers2012/Problem14_label02.c,32,c/properties/termination.prp,False
2LS,c/eca-rers2012/Problem14_label02.c,32,c/properties/unreach-call.prp,False
2LS,c/eca-rers2012/Problem14_label35.c,32,c/properties/termination.prp,False
2LS,c/eca-rers2012/Problem14_label35.c,32,c/properties/unreach-call.prp,True
2LS,c/eca-rers2012/Problem14_label52.c,32,c/properties/termination.prp,False
2LS,c/eca-rers2012/Problem14_label52.c,32,c/properties/unreach-call.prp,False
2LS,c/eca-rers2012/Problem14_label42.c,32,c/properties/termination.prp,False
2LS,c/eca-rers2012/Problem14_label42.c,32,c/properties/unreach-call.prp,True
2LS,c/combinations/gcd_1+newton_3_4.i,32,c/properties/unreach-call.prp,True
2LS,c/eca-rers2012/Problem14_label21.c,32,c/properties/termination.prp,False
2LS,c/eca-rers2012/Problem14_label21.c,32,c/properties/unreach-call.prp,True
2LS,c/eca-rers2012/Problem14_label16.c,32,c/properties/termination.prp,False
2LS,c/eca-rers2012/Problem14_label16.c,32,c/properties/unreach-call.prp,True
2LS,c/eca-rers2012/Problem14_label33.c,32,c/properties/termination.prp,False
2LS,c/eca-rers2012/Problem14_label33.c,32,c/properties/unreach-call.prp,True
2LS,c/combinations/gcd_3+newton_3_1.i,32,c/properties/unreach-call.prp,True
2LS,c/eca-rers2012/Problem14_label34.c,32,c/properties/termination.prp,False
2LS,c/eca-rers2012/Problem14_label34.c,32,c/properties/unreach-call.prp,False
2LS,c/eca-rers2012/Problem14_label30.c,32,c/properties/termination.prp,False
2LS,c/eca-rers2012/Problem14_label30.c,32,c/properties/unreach-call.prp,True
2LS,c/nla-digbench-scaling/hard-u_unwindbound10.c,32,c/properties/unreach-call.prp,False
2LS,c/nla-digbench-scaling/hard-u_unwindbound10.c,32,c/properties/no-overflow.prp,True
2LS,c/eca-rers2012/Problem14_label15.c,32,c/properties/termination.prp,False
2LS,c/eca-rers2012/Problem14_label15.c,32,c/properties/unreach-call.prp,True
2LS,c/eca-rers2012/Problem14_label11.c,32,c/properties/termination.prp,False
2LS,c/eca-rers2012/Problem14_label11.c,32,c/properties/unreach-call.prp,False
2LS,c/eca-rers2012/Problem14_label13.c,32,c/properties/termination.prp,False
2LS,c/eca-rers2012/Problem14_label13.c,32,c/properties/unreach-call.prp,False
2LS,c/eca-rers2012/Problem14_label36.c,32,c/properties/termination.prp,False
2LS,c/eca-rers2012/Problem14_label36.c,32,c/properties/unreach-call.prp,True
2LS,c/eca-rers2012/Problem14_label03.c,32,c/properties/termination.prp,False
2LS,c/eca-rers2012/Problem14_label03.c,32,c/properties/unreach-call.prp,True
2LS,c/eca-rers2012/Problem14_label10.c,32,c/properties/termination.prp,False
2LS,c/eca-rers2012/Problem14_label10.c,32,c/properties/unreach-call.prp,False
2LS,c/eca-rers2012/Problem14_label26.c,32,c/properties/termination.prp,False
2LS,c/eca-rers2012/Problem14_label26.c,32,c/properties/unreach-call.prp,True
2LS,c/eca-rers2012/Problem14_label46.c,32,c/properties/termination.prp,False
2LS,c/eca-rers2012/Problem14_label46.c,32,c/properties/unreach-call.prp,True
2LS,c/hardness-nfm22/hardness_operatoramount_amount500_file-56.i,32,c/properties/unreach-call.prp,True
2LS,c/float-benchs/arctan_Pade.c,32,c/properties/termination.prp,True
2LS,c/float-benchs/arctan_Pade.c,32,c/properties/unreach-call.prp,True
2LS,c/nla-digbench-scaling/knuth_valuebound20.i,32,c/properties/unreach-call.prp,True
2LS,c/nla-digbench-scaling/knuth_valuebound20.i,32,c/properties/no-overflow.prp,True
2LS,c/eca-rers2012/Problem14_label09.c,32,c/properties/termination.prp,False
2LS,c/eca-rers2012/Problem14_label09.c,32,c/properties/unreach-call.prp,True
2LS,c/combinations/gcd_1+newton_3_3.i,32,c/properties/unreach-call.prp,True
2LS,c/eca-rers2012/Problem14_label17.c,32,c/properties/termination.prp,False
2LS,c/eca-rers2012/Problem14_label17.c,32,c/properties/unreach-call.prp,True
2LS,c/eca-rers2012/Problem14_label38.c,32,c/properties/termination.prp,False
2LS,c/eca-rers2012/Problem14_label38.c,32,c/properties/unreach-call.prp,True
2LS,c/eca-rers2012/Problem14_label41.c,32,c/properties/termination.prp,False
2LS,c/eca-rers2012/Problem14_label41.c,32,c/properties/unreach-call.prp,False
2LS,c/eca-rers2012/Problem14_label49.c,32,c/properties/termination.prp,False
2LS,c/eca-rers2012/Problem14_label49.c,32,c/properties/unreach-call.prp,True
2LS,c/eca-rers2012/Problem14_label26.c,32,c/properties/termination.prp,False
2LS,c/eca-rers2012/Problem14_label26.c,32,c/properties/unreach-call.prp,True
2LS,c/eca-rers2012/Problem14_label44.c,32,c/properties/termination.prp,False
2LS,c/eca-rers2012/Problem14_label44.c,32,c/properties/unreach-call.prp,False
2LS,c/eca-rers2012/Problem14_label21.c,32,c/properties/termination.prp,False
2LS,c/eca-rers2012/Problem14_label21.c,32,c/properties/unreach-call.prp,True
2LS,c/nla-digbench-scaling/divbin2_unwindbound5.i,32,c/properties/unreach-call.prp,True
2LS,c/nla-digbench-scaling/divbin2_unwindbound5.i,32,c/properties/no-overflow.prp,True
2LS,c/eca-rers2012/Problem14_label54.c,32,c/properties/termination.prp,False
2LS,c/eca-rers2012/Problem14_label54.c,32,c/properties/unreach-call.prp,False
2LS,c/eca-rers2012/Problem14_label07.c,32,c/properties/termination.prp,False
2LS,c/eca-rers2012/Problem14_label07.c,32,c/properties/unreach-call.prp,True
2LS,c/eca-rers2012/Problem14_label04.c,32,c/properties/termination.prp,False
2LS,c/eca-rers2012/Problem14_label04.c,32,c/properties/unreach-call.prp,True
2LS,c/eca-rers2012/Problem14_label58.c,32,c/properties/termination.prp,False
2LS,c/eca-rers2012/Problem14_label58.c,32,c/properties/unreach-call.prp,False
2LS,c/eca-rers2012/Problem14_label22.c,32,c/properties/termination.prp,False
2LS,c/eca-rers2012/Problem14_label22.c,32,c/properties/unreach-call.prp,False
2LS,c/eca-rers2012/Problem14_label37.c,32,c/properties/termination.prp,False
2LS,c/eca-rers2012/Problem14_label37.c,32,c/properties/unreach-call.prp,False
2LS,c/eca-rers2012/Problem14_label24.c,32,c/properties/termination.prp,False
2LS,c/eca-rers2012/Problem14_label24.c,32,c/properties/unreach-call.prp,True
2LS,c/eca-rers2012/Problem14_label17.c,32,c/properties/termination.prp,False
2LS,c/eca-rers2012/Problem14_label17.c,32,c/properties/unreach-call.prp,True
2LS,c/array-examples/standard_init4_ground-2.i,32,c/properties/no-overflow.prp,True
2LS,c/array-examples/standard_init4_ground-2.i,32,c/properties/unreach-call.prp,True
2LS,c/eca-rers2012/Problem14_label04.c,32,c/properties/termination.prp,False
2LS,c/eca-rers2012/Problem14_label04.c,32,c/properties/unreach-call.prp,True
2LS,c/eca-rers2012/Problem14_label19.c,32,c/properties/termination.prp,False
2LS,c/eca-rers2012/Problem14_label19.c,32,c/properties/unreach-call.prp,True
2LS,c/eca-rers2012/Problem14_label25.c,32,c/properties/termination.prp,False
2LS,c/eca-rers2012/Problem14_label25.c,32,c/properties/unreach-call.prp,True
2LS,c/hardness-nfm22/hardness_operatoramount_amount100_file-60.i,32,c/properties/unreach-call.prp,True
2LS,c/combinations/gcd_3+newton_3_5.i,32,c/properties/unreach-call.prp,True
2LS,c/eca-rers2012/Problem14_label49.c,32,c/properties/termination.prp,False
2LS,c/eca-rers2012/Problem14_label49.c,32,c/properties/unreach-call.prp,True
2LS,c/combinations/square_5+soft_float_5a.c.cil.c,32,c/properties/unreach-call.prp,True
2LS,c/eca-rers2012/Problem14_label57.c,32,c/properties/termination.prp,False
2LS,c/eca-rers2012/Problem14_label57.c,32,c/properties/unreach-call.prp,False
2LS,c/seq-mthreaded/pals_floodmax.3.4.ufo.UNBOUNDED.pals.c,32,c/properties/unreach-call.prp,False
2LS,c/seq-mthreaded/pals_floodmax.3.4.ufo.UNBOUNDED.pals.c,32,c/properties/termination.prp,False
2LS,c/hardness-nfm22/hardness_loopvsstraightlinecode_100-while_file-28.i,32,c/properties/unreach-call.prp,True
2LS,c/eca-rers2012/Problem14_label24.c,32,c/properties/termination.prp,False
2LS,c/eca-rers2012/Problem14_label24.c,32,c/properties/unreach-call.prp,True
2LS,c/eca-rers2012/Problem14_label19.c,32,c/properties/termination.prp,False
2LS,c/eca-rers2012/Problem14_label19.c,32,c/properties/unreach-call.prp,True
2LS,c/xcsp/AllInterval-014.c,32,c/properties/unreach-call.prp,False
2LS,c/eca-rers2012/Problem14_label05.c,32,c/properties/termination.prp,False
2LS,c/eca-rers2012/Problem14_label05.c,32,c/properties/unreach-call.prp,True
2LS,c/nla-digbench-scaling/divbin_unwindbound10.i,32,c/properties/unreach-call.prp,False
2LS,c/nla-digbench-scaling/divbin_unwindbound10.i,32,c/properties/no-overflow.prp,True
2LS,c/eca-rers2012/Problem14_label56.c,32,c/properties/termination.prp,False
2LS,c/eca-rers2012/Problem14_label56.c,32,c/properties/unreach-call.prp,False
2LS,c/eca-rers2012/Problem14_label51.c,32,c/properties/termination.prp,False
2LS,c/eca-rers2012/Problem14_label51.c,32,c/properties/unreach-call.prp,True
2LS,c/eca-rers2012/Problem14_label03.c,32,c/properties/termination.prp,False
2LS,c/eca-rers2012/Problem14_label03.c,32,c/properties/unreach-call.prp,True
2LS,c/nla-digbench-scaling/divbin2_unwindbound10.i,32,c/properties/unreach-call.prp,True
2LS,c/nla-digbench-scaling/divbin2_unwindbound10.i,32,c/properties/no-overflow.prp,True
2LS,c/hardware-verification-bv/btor2c-lazyMod.h_Vlunc.c,64,c/properties/unreach-call.prp,True
2LS,c/combinations/square_5+soft_float_3a.c.cil.c,32,c/properties/unreach-call.prp,True
2LS,c/eca-rers2012/Problem14_label16.c,32,c/properties/termination.prp,False
2LS,c/eca-rers2012/Problem14_label16.c,32,c/properties/unreach-call.prp,True
2LS,c/product-lines/email_spec7_product27.cil.c,32,c/properties/termination.prp,True
2LS,c/product-lines/email_spec7_product27.cil.c,32,c/properties/unreach-call.prp,True
2LS,c/hardness-nfm22/hardness_operatoramount_amount250_file-49.i,32,c/properties/unreach-call.prp,True
2LS,c/combinations/gcd_3+newton_3_4.i,32,c/properties/unreach-call.prp,True
2LS,c/eca-rers2012/Problem14_label06.c,32,c/properties/termination.prp,False
2LS,c/eca-rers2012/Problem14_label06.c,32,c/properties/unreach-call.prp,True
2LS,c/eca-rers2012/Problem14_label06.c,32,c/properties/termination.prp,False
2LS,c/eca-rers2012/Problem14_label06.c,32,c/properties/unreach-call.prp,True
2LS,c/eca-rers2012/Problem14_label08.c,32,c/properties/termination.prp,False
2LS,c/eca-rers2012/Problem14_label08.c,32,c/properties/unreach-call.prp,False
2LS,c/nla-digbench-scaling/egcd2-ll_valuebound2.c,32,c/properties/unreach-call.prp,True
2LS,c/nla-digbench-scaling/egcd2-ll_valuebound2.c,32,c/properties/no-overflow.prp,True
2LS,c/eca-rers2012/Problem14_label39.c,32,c/properties/termination.prp,False
2LS,c/eca-rers2012/Problem14_label39.c,32,c/properties/unreach-call.prp,False
2LS,c/eca-rers2012/Problem14_label15.c,32,c/properties/termination.prp,False
2LS,c/eca-rers2012/Problem14_label15.c,32,c/properties/unreach-call.prp,True
2LS,c/eca-rers2012/Problem14_label55.c,32,c/properties/termination.prp,False
2LS,c/eca-rers2012/Problem14_label55.c,32,c/properties/unreach-call.prp,True
2LS,c/nla-digbench-scaling/divbin_unwindbound50.i,32,c/properties/unreach-call.prp,False
2LS,c/nla-digbench-scaling/divbin_unwindbound50.i,32,c/properties/no-overflow.prp,True
2LS,c/eca-rers2012/Problem14_label09.c,32,c/properties/termination.prp,False
2LS,c/eca-rers2012/Problem14_label09.c,32,c/properties/unreach-call.prp,True
2LS,c/eca-rers2012/Problem14_label14.c,32,c/properties/termination.prp,False
2LS,c/eca-rers2012/Problem14_label14.c,32,c/properties/unreach-call.prp,False
2LS,c/list-ext3-properties/dll_nullified-1.i,32,c/properties/no-overflow.prp,True
2LS,c/list-ext3-properties/dll_nullified-1.i,32,c/properties/unreach-call.prp,False
2LS,c/list-ext3-properties/dll_nullified-1.i,32,c/properties/valid-memcleanup.prp,False
2LS,c/eca-rers2012/Problem14_label45.c,32,c/properties/termination.prp,False
2LS,c/eca-rers2012/Problem14_label45.c,32,c/properties/unreach-call.prp,True
2LS,c/hardness-nfm22/hardness_operatoramount_amount100_file-28.i,32,c/properties/unreach-call.prp,True
2LS,c/hardware-verification-bv/btor2c-lazyMod.sw_ball2004_2.c,64,c/properties/unreach-call.prp,True
2LS,c/list-ext3-properties/dll_nullified-2.i,32,c/properties/no-overflow.prp,True
2LS,c/list-ext3-properties/dll_nullified-2.i,32,c/properties/unreach-call.prp,True
2LS,c/list-ext3-properties/dll_nullified-2.i,32,c/properties/valid-memsafety.prp,True
2LS,c/eca-rers2012/Problem14_label38.c,32,c/properties/termination.prp,False
2LS,c/eca-rers2012/Problem14_label38.c,32,c/properties/unreach-call.prp,True
2LS,c/seq-mthreaded/pals_floodmax.4.1.ufo.UNBOUNDED.pals.c,32,c/properties/unreach-call.prp,False
2LS,c/seq-mthreaded/pals_floodmax.4.1.ufo.UNBOUNDED.pals.c,32,c/properties/termination.prp,False
2LS,c/eca-rers2012/Problem14_label00.c,32,c/properties/termination.prp,False
2LS,c/eca-rers2012/Problem14_label00.c,32,c/properties/unreach-call.prp,True
2LS,c/eca-rers2012/Problem14_label36.c,32,c/properties/termination.prp,False
2LS,c/eca-rers2012/Problem14_label36.c,32,c/properties/unreach-call.prp,True
2LS,c/hardness-nfm22/hardness_operatoramount_amount500_file-33.i,32,c/properties/unreach-call.prp,True
2LS,c/xcsp/aim-200-6-0-sat-4.c,32,c/properties/unreach-call.prp,False
2LS,c/forester-heap/sll-queue-2.i,32,c/properties/unreach-call.prp,False
2LS,c/forester-heap/sll-queue-2.i,32,c/properties/valid-memcleanup.prp,False
2LS,c/hardware-verification-bv/btor2c-lazyMod.vis_arrays_palu.c,64,c/properties/unreach-call.prp,False
2LS,c/hardware-verification-bv/btor2c-lazyMod.vis_QF_BV_s1269b_p4.c,64,c/properties/unreach-call.prp,False
2LS,c/nla-digbench-scaling/divbin_unwindbound100.i,32,c/properties/unreach-call.prp,False
2LS,c/nla-digbench-scaling/divbin_unwindbound100.i,32,c/properties/no-overflow.prp,True
2LS,c/eca-rers2012/Problem14_label50.c,32,c/properties/termination.prp,False
2LS,c/eca-rers2012/Problem14_label50.c,32,c/properties/unreach-call.prp,True
2LS,c/xcsp/aim-200-6-0-sat-1.c,32,c/properties/unreach-call.prp,False
2LS,c/nla-digbench-scaling/hard-u_unwindbound20.c,32,c/properties/unreach-call.prp,False
2LS,c/nla-digbench-scaling/hard-u_unwindbound20.c,32,c/properties/no-overflow.prp,True
2LS,c/combinations/square_5+soft_float_1-2a.c.cil.c,32,c/properties/unreach-call.prp,True
2LS,c/nla-digbench-scaling/hard-u_unwindbound100.c,32,c/properties/unreach-call.prp,False
2LS,c/nla-digbench-scaling/hard-u_unwindbound100.c,32,c/properties/no-overflow.prp,True
2LS,c/seq-mthreaded/pals_floodmax.3.ufo.UNBOUNDED.pals.c,32,c/properties/unreach-call.prp,True
2LS,c/seq-mthreaded/pals_floodmax.3.ufo.UNBOUNDED.pals.c,32,c/properties/termination.prp,False
2LS,c/combinations/square_4+soft_float_3a.c.cil.c,32,c/properties/unreach-call.prp,True
2LS,c/hardware-verification-bv/btor2c-lazyMod.sw_ball2001.c,64,c/properties/unreach-call.prp,True
2LS,c/forester-heap/dll-queue-2.i,32,c/properties/unreach-call.prp,False
2LS,c/forester-heap/dll-queue-2.i,32,c/properties/valid-memcleanup.prp,False
2LS,c/hardness-nfm22/hardness_fillercode_fillercodesize_ps-cn-500_file-52.i,32,c/properties/unreach-call.prp,True
2LS,c/hardness-nfm22/hardness_operatoramount_amount250_file-47.i,32,c/properties/unreach-call.prp,True
2LS,c/hardness-nfm22/hardness_operatoramount_amount250_file-70.i,32,c/properties/unreach-call.prp,True
2LS,c/floats-cdfpl/square_6.i,32,c/properties/termination.prp,True
2LS,c/floats-cdfpl/square_6.i,32,c/properties/unreach-call.prp,True
2LS,c/hardness-nfm22/hardness_operatoramount_amount500_file-72.i,32,c/properties/unreach-call.prp,True
2LS,c/nla-digbench-scaling/bresenham-ll_unwindbound2.c,32,c/properties/unreach-call.prp,False
2LS,c/nla-digbench-scaling/bresenham-ll_unwindbound2.c,32,c/properties/no-overflow.prp,True
2LS,c/seq-mthreaded/pals_opt-floodmax.3.ufo.UNBOUNDED.pals.c,32,c/properties/unreach-call.prp,True
2LS,c/seq-mthreaded/pals_opt-floodmax.3.ufo.UNBOUNDED.pals.c,32,c/properties/termination.prp,False
2LS,c/nla-digbench-scaling/ps3-ll_unwindbound2.c,32,c/properties/unreach-call.prp,True
2LS,c/nla-digbench-scaling/ps3-ll_unwindbound2.c,32,c/properties/no-overflow.prp,True
2LS,c/hardness-nfm22/hardness_operatoramount_amount250_file-62.i,32,c/properties/unreach-call.prp,True
2LS,c/combinations/gcd_2+newton_3_5.i,32,c/properties/unreach-call.prp,True
2LS,c/hardness-nfm22/hardness_variablewrapping_wrapper-a_file-26.i,32,c/properties/unreach-call.prp,True
2LS,c/hardness-nfm22/hardness_operatoramount_amount250_file-84.i,32,c/properties/unreach-call.prp,True
2LS,c/hardness-nfm22/hardness_operatoramount_amount100_file-98.i,32,c/properties/unreach-call.prp,True
2LS,c/combinations/square_7+soft_float_5a.c.cil.c,32,c/properties/unreach-call.prp,True
2LS,c/nla-digbench-scaling/divbin2_unwindbound20.i,32,c/properties/unreach-call.prp,True
2LS,c/nla-digbench-scaling/divbin2_unwindbound20.i,32,c/properties/no-overflow.prp,True
2LS,c/hardness-nfm22/hardness_operatoramount_amount250_file-77.i,32,c/properties/unreach-call.prp,True
2LS,c/nla-digbench-scaling/hard-u_unwindbound50.c,32,c/properties/unreach-call.prp,False
2LS,c/nla-digbench-scaling/hard-u_unwindbound50.c,32,c/properties/no-overflow.prp,True
2LS,c/combinations/square_5+soft_float_4-2a.c.cil.c,32,c/properties/unreach-call.prp,True
2LS,c/hardness-nfm22/hardness_variablewrapping_wrapper-a_file-77.i,32,c/properties/unreach-call.prp,True
2LS,c/nla-digbench/divbin2.i,32,c/properties/unreach-call.prp,True
2LS,c/nla-digbench/divbin2.i,32,c/properties/no-overflow.prp,True
2LS,c/hardness-nfm22/hardness_loopvsstraightlinecode_100-while_file-98.i,32,c/properties/unreach-call.prp,True
2LS,c/hardness-nfm22/hardness_loopvsstraightlinecode_100-1loop_file-98.i,32,c/properties/unreach-call.prp,True
2LS,c/seq-mthreaded/pals_floodmax.5.1.ufo.BOUNDED-10.pals.c,32,c/properties/termination.prp,True
2LS,c/seq-mthreaded/pals_floodmax.5.1.ufo.BOUNDED-10.pals.c,32,c/properties/unreach-call.prp,False
2LS,c/hardness-nfm22/hardness_operatoramount_amount500_file-47.i,32,c/properties/unreach-call.prp,True
2LS,c/seq-mthreaded/pals_lcr.8.1.ufo.UNBOUNDED.pals.c,32,c/properties/unreach-call.prp,False
2LS,c/seq-mthreaded/pals_lcr.8.1.ufo.UNBOUNDED.pals.c,32,c/properties/termination.prp,False
2LS,c/list-ext-properties/list-ext_flag.i,32,c/properties/valid-memsafety.prp,False
2LS,c/hardness-nfm22/hardness_loopvsstraightlinecode_25-1loop_file-99.i,32,c/properties/unreach-call.prp,True
2LS,c/nla-digbench-scaling/prodbin-ll_valuebound100.c,32,c/properties/unreach-call.prp,True
2LS,c/nla-digbench-scaling/prodbin-ll_valuebound100.c,32,c/properties/no-overflow.prp,True
2LS,c/hardness-nfm22/hardness_variablewrapping_wrapper-a_file-68.i,32,c/properties/unreach-call.prp,True
2LS,c/seq-mthreaded/pals_opt-floodmax.4.1.ufo.UNBOUNDED.pals.c,32,c/properties/unreach-call.prp,False
2LS,c/seq-mthreaded/pals_opt-floodmax.4.1.ufo.UNBOUNDED.pals.c,32,c/properties/termination.prp,False
2LS,c/nla-digbench-scaling/ps3-ll_valuebound2.c,32,c/properties/unreach-call.prp,True
2LS,c/nla-digbench-scaling/ps3-ll_valuebound2.c,32,c/properties/no-overflow.prp,True
2LS,c/seq-mthreaded/pals_lcr-var-start-time.3.ufo.BOUNDED-6.pals.c,32,c/properties/termination.prp,True
2LS,c/seq-mthreaded/pals_lcr-var-start-time.3.ufo.BOUNDED-6.pals.c,32,c/properties/unreach-call.prp,True
2LS,c/seq-mthreaded/pals_lcr-var-start-time.3.2.ufo.BOUNDED-6.pals.c,32,c/properties/termination.prp,True
2LS,c/seq-mthreaded/pals_lcr-var-start-time.3.2.ufo.BOUNDED-6.pals.c,32,c/properties/unreach-call.prp,False
2LS,c/seq-mthreaded/pals_opt-floodmax.4.4.ufo.UNBOUNDED.pals.c,32,c/properties/unreach-call.prp,False
2LS,c/seq-mthreaded/pals_opt-floodmax.4.4.ufo.UNBOUNDED.pals.c,32,c/properties/termination.prp,False
2LS,c/float-benchs/filter1.c,32,c/properties/no-overflow.prp,True
2LS,c/float-benchs/filter1.c,32,c/properties/termination.prp,True
2LS,c/float-benchs/filter1.c,32,c/properties/unreach-call.prp,True
2LS,c/hardness-nfm22/hardness_operatoramount_amount250_file-96.i,32,c/properties/unreach-call.prp,True
2LS,c/seq-mthreaded/pals_opt-floodmax.4.ufo.UNBOUNDED.pals.c,32,c/properties/unreach-call.prp,True
2LS,c/seq-mthreaded/pals_opt-floodmax.4.ufo.UNBOUNDED.pals.c,32,c/properties/termination.prp,False
2LS,c/seq-mthreaded/pals_opt-floodmax.3.1.ufo.UNBOUNDED.pals.c,32,c/properties/unreach-call.prp,False
2LS,c/seq-mthreaded/pals_opt-floodmax.3.1.ufo.UNBOUNDED.pals.c,32,c/properties/termination.prp,False
2LS,c/combinations/square_4+soft_float_1-2a.c.cil.c,32,c/properties/unreach-call.prp,True
2LS,c/hardness-nfm22/hardness_fillercode_fillercodesize_ps-cn-500_file-4.i,32,c/properties/unreach-call.prp,True
2LS,c/seq-mthreaded/pals_floodmax.3.1.ufo.UNBOUNDED.pals.c,32,c/properties/termination.prp,False
2LS,c/seq-mthreaded/pals_floodmax.3.1.ufo.UNBOUNDED.pals.c,32,c/properties/unreach-call.prp,False
2LS,c/hardware-verification-bv/btor2c-lazyMod.v_Unidec.c,64,c/properties/unreach-call.prp,False
2LS,c/seq-mthreaded/pals_floodmax.4.ufo.UNBOUNDED.pals.c,32,c/properties/unreach-call.prp,True
2LS,c/seq-mthreaded/pals_floodmax.4.ufo.UNBOUNDED.pals.c,32,c/properties/termination.prp,False
2LS,c/seq-mthreaded/pals_lcr-var-start-time.6.2.ufo.UNBOUNDED.pals.c,32,c/properties/unreach-call.prp,False
2LS,c/seq-mthreaded/pals_lcr-var-start-time.6.2.ufo.UNBOUNDED.pals.c,32,c/properties/termination.prp,False
2LS,c/seq-mthreaded/pals_opt-floodmax.3.4.ufo.UNBOUNDED.pals.c,32,c/properties/unreach-call.prp,False
2LS,c/seq-mthreaded/pals_opt-floodmax.3.4.ufo.UNBOUNDED.pals.c,32,c/properties/termination.prp,False
2LS,c/hardness-nfm22/hardness_operatoramount_amount250_file-60.i,32,c/properties/unreach-call.prp,True
2LS,c/seq-mthreaded/pals_lcr-var-start-time.6.ufo.UNBOUNDED.pals.c,32,c/properties/unreach-call.prp,True
2LS,c/seq-mthreaded/pals_lcr-var-start-time.6.ufo.UNBOUNDED.pals.c,32,c/properties/termination.prp,False
2LS,c/seq-mthreaded/pals_lcr.7.ufo.UNBOUNDED.pals.c,32,c/properties/unreach-call.prp,True
2LS,c/seq-mthreaded/pals_lcr.7.ufo.UNBOUNDED.pals.c,32,c/properties/termination.prp,False
2LS,c/hardness-nfm22/hardness_variablewrapping_wrapper-s_file-23.i,32,c/properties/unreach-call.prp,True
2LS,c/seq-mthreaded/pals_STARTPALS_Triplicated.1.ufo.BOUNDED-10.pals.c,32,c/properties/termination.prp,True
2LS,c/seq-mthreaded/pals_STARTPALS_Triplicated.1.ufo.BOUNDED-10.pals.c,32,c/properties/unreach-call.prp,False
2LS,c/hardness-nfm22/hardness_operatoramount_amount500_file-28.i,32,c/properties/unreach-call.prp,True
2LS,c/seq-mthreaded/pals_lcr.7.1.ufo.UNBOUNDED.pals.c,32,c/properties/unreach-call.prp,False
2LS,c/seq-mthreaded/pals_lcr.7.1.ufo.UNBOUNDED.pals.c,32,c/properties/termination.prp,False
2LS,c/nla-digbench-scaling/geo1-u_valuebound10.c,32,c/properties/unreach-call.prp,False
2LS,c/nla-digbench-scaling/geo1-u_valuebound10.c,32,c/properties/no-overflow.prp,True
2LS,c/nla-digbench-scaling/cohencu-ll_valuebound10.c,32,c/properties/unreach-call.prp,True
2LS,c/nla-digbench-scaling/cohencu-ll_valuebound10.c,32,c/properties/no-overflow.prp,True
2LS,c/hardness-nfm22/hardness_operatoramount_amount500_file-4.i,32,c/properties/unreach-call.prp,True
2LS,c/seq-mthreaded/pals_floodmax.4.4.ufo.UNBOUNDED.pals.c,32,c/properties/unreach-call.prp,False
2LS,c/seq-mthreaded/pals_floodmax.4.4.ufo.UNBOUNDED.pals.c,32,c/properties/termination.prp,False
2LS,c/psyco/psyco_math_1.c,32,c/properties/no-overflow.prp,False
2LS,c/seq-mthreaded/pals_lcr.8.ufo.UNBOUNDED.pals.c,32,c/properties/unreach-call.prp,True
2LS,c/seq-mthreaded/pals_lcr.8.ufo.UNBOUNDED.pals.c,32,c/properties/termination.prp,False
2LS,c/xcsp/Haystacks-09.c,32,c/properties/unreach-call.prp,True
2LS,c/seq-mthreaded/pals_lcr-var-start-time.3.1.ufo.BOUNDED-6.pals.c,32,c/properties/termination.prp,True
2LS,c/seq-mthreaded/pals_lcr-var-start-time.3.1.ufo.BOUNDED-6.pals.c,32,c/properties/unreach-call.prp,False
2LS,c/hardness-nfm22/hardness_operatoramount_amount500_file-18.i,32,c/properties/unreach-call.prp,True
2LS,c/hardness-nfm22/hardness_variablewrapping_normal_file-23.i,32,c/properties/unreach-call.prp,True
2LS,c/seq-mthreaded/pals_STARTPALS_Triplicated.ufo.UNBOUNDED.pals.c,32,c/properties/no-overflow.prp,True
2LS,c/seq-mthreaded/pals_STARTPALS_Triplicated.ufo.UNBOUNDED.pals.c,32,c/properties/unreach-call.prp,True
2LS,c/seq-mthreaded/pals_STARTPALS_Triplicated.ufo.UNBOUNDED.pals.c,32,c/properties/termination.prp,False
2LS,c/seq-mthreaded/pals_lcr-var-start-time.6.1.ufo.UNBOUNDED.pals.c,32,c/properties/unreach-call.prp,False
2LS,c/seq-mthreaded/pals_lcr-var-start-time.6.1.ufo.UNBOUNDED.pals.c,32,c/properties/termination.prp,False
2LS,c/hardness-nfm22/hardness_operatoramount_amount250_file-90.i,32,c/properties/unreach-call.prp,True
2LS,c/hardness-nfm22/hardness_operatoramount_amount500_file-48.i,32,c/properties/unreach-call.prp,True
2LS,c/hardness-nfm22/hardness_loopvsstraightlinecode_25-while_file-99.i,32,c/properties/unreach-call.prp,True
2LS,c/hardness-nfm22/hardness_operatoramount_amount250_file-43.i,32,c/properties/unreach-call.prp,True
2LS,c/hardness-nfm22/hardness_loopvsstraightlinecode_25-1loop_file-23.i,32,c/properties/unreach-call.prp,True
2LS,c/seq-mthreaded/pals_lcr.6.ufo.UNBOUNDED.pals.c,32,c/properties/unreach-call.prp,True
2LS,c/seq-mthreaded/pals_lcr.6.ufo.UNBOUNDED.pals.c,32,c/properties/termination.prp,False
2LS,c/seq-mthreaded/pals_lcr.3.ufo.UNBOUNDED.pals.c,32,c/properties/no-overflow.prp,True
2LS,c/seq-mthreaded/pals_lcr.3.ufo.UNBOUNDED.pals.c,32,c/properties/unreach-call.prp,True
2LS,c/seq-mthreaded/pals_lcr.3.ufo.UNBOUNDED.pals.c,32,c/properties/termination.prp,False
2LS,c/hardness-nfm22/hardness_operatoramount_amount500_file-5.i,32,c/properties/unreach-call.prp,True
2LS,c/seq-mthreaded/pals_STARTPALS_Triplicated.2.ufo.BOUNDED-10.pals.c,32,c/properties/termination.prp,True
2LS,c/seq-mthreaded/pals_STARTPALS_Triplicated.2.ufo.BOUNDED-10.pals.c,32,c/properties/unreach-call.prp,False
2LS,c/ldv-regression/ex3_forlist.i,32,c/properties/termination.prp,True
2LS,c/ldv-regression/ex3_forlist.i,32,c/properties/unreach-call.prp,True
2LS,c/hardness-nfm22/hardness_operatoramount_amount500_file-76.i,32,c/properties/unreach-call.prp,True
2LS,c/eca-rers2012/Problem14_label14.c,32,c/properties/termination.prp,False
2LS,c/eca-rers2012/Problem14_label14.c,32,c/properties/unreach-call.prp,False
2LS,c/seq-mthreaded/pals_lcr-var-start-time.5.1.ufo.UNBOUNDED.pals.c,32,c/properties/unreach-call.prp,False
2LS,c/seq-mthreaded/pals_lcr-var-start-time.5.1.ufo.UNBOUNDED.pals.c,32,c/properties/termination.prp,False
2LS,c/hardness-nfm22/hardness_floatingpointinfluence_has-floats_file-23.i,32,c/properties/unreach-call.prp,True
2LS,c/eca-rers2012/Problem14_label10.c,32,c/properties/termination.prp,False
2LS,c/eca-rers2012/Problem14_label10.c,32,c/properties/unreach-call.prp,False
2LS,c/eca-rers2012/Problem14_label57.c,32,c/properties/termination.prp,False
2LS,c/eca-rers2012/Problem14_label57.c,32,c/properties/unreach-call.prp,False
2LS,c/hardness-nfm22/hardness_operatoramount_amount25_file-99.i,32,c/properties/unreach-call.prp,True
2LS,c/hardness-nfm22/hardness_operatoramount_amount250_file-82.i,32,c/properties/unreach-call.prp,True
2LS,c/seq-mthreaded/pals_lcr.6.1.ufo.UNBOUNDED.pals.c,32,c/properties/unreach-call.prp,False
2LS,c/seq-mthreaded/pals_lcr.6.1.ufo.UNBOUNDED.pals.c,32,c/properties/termination.prp,False
2LS,c/hardness-nfm22/hardness_loopvsstraightlinecode_25-while_file-23.i,32,c/properties/unreach-call.prp,True
2LS,c/seq-mthreaded/pals_lcr-var-start-time.3.2.ufo.UNBOUNDED.pals.c,32,c/properties/unreach-call.prp,False
2LS,c/seq-mthreaded/pals_lcr-var-start-time.3.2.ufo.UNBOUNDED.pals.c,32,c/properties/termination.prp,False
2LS,c/seq-mthreaded/pals_lcr-var-start-time.5.2.ufo.UNBOUNDED.pals.c,32,c/properties/unreach-call.prp,False
2LS,c/seq-mthreaded/pals_lcr-var-start-time.5.2.ufo.UNBOUNDED.pals.c,32,c/properties/termination.prp,False
2LS,c/termination-nla/egcd-both-t.c,32,c/properties/no-overflow.prp,False
2LS,c/combinations/square_4+soft_float_4-2a.c.cil.c,32,c/properties/unreach-call.prp,True
2LS,c/nla-digbench-scaling/egcd2-ll_unwindbound2.c,32,c/properties/unreach-call.prp,False
2LS,c/nla-digbench-scaling/egcd2-ll_unwindbound2.c,32,c/properties/no-overflow.prp,True
2LS,c/hardness-nfm22/hardness_operatoramount_amount250_file-17.i,32,c/properties/unreach-call.prp,True
2LS,c/hardness-nfm22/hardness_operatoramount_amount500_file-11.i,32,c/properties/unreach-call.prp,True
2LS,c/eca-rers2012/Problem14_label31.c,32,c/properties/termination.prp,False
2LS,c/eca-rers2012/Problem14_label31.c,32,c/properties/unreach-call.prp,False
2LS,c/hardware-verification-bv/btor2c-lazyMod.vis_arrays_two_p2.c,64,c/properties/unreach-call.prp,True
2LS,c/eca-rers2012/Problem14_label11.c,32,c/properties/termination.prp,False
2LS,c/eca-rers2012/Problem14_label11.c,32,c/properties/unreach-call.prp,False
2LS,c/hardness-nfm22/hardness_operatoramount_amount250_file-93.i,32,c/properties/unreach-call.prp,True
2LS,c/eca-rers2012/Problem14_label34.c,32,c/properties/termination.prp,False
2LS,c/eca-rers2012/Problem14_label34.c,32,c/properties/unreach-call.prp,False
2LS,c/hardware-verification-bv/btor2c-lazyMod.loyd.1.prop1-func-interl.c,64,c/properties/unreach-call.prp,False
2LS,c/hardness-nfm22/hardness_operatoramount_amount25_file-23.i,32,c/properties/unreach-call.prp,True
2LS,c/nla-digbench-scaling/geo3-ll_valuebound10.c,32,c/properties/unreach-call.prp,True
2LS,c/nla-digbench-scaling/geo3-ll_valuebound10.c,32,c/properties/no-overflow.prp,True
2LS,c/seq-mthreaded/pals_lcr.3.1.ufo.BOUNDED-6.pals.c,32,c/properties/termination.prp,True
2LS,c/seq-mthreaded/pals_lcr.3.1.ufo.BOUNDED-6.pals.c,32,c/properties/unreach-call.prp,False
2LS,c/nla-digbench-scaling/hard-ll_unwindbound2.c,32,c/properties/unreach-call.prp,False
2LS,c/nla-digbench-scaling/hard-ll_unwindbound2.c,32,c/properties/no-overflow.prp,True
2LS,c/float-benchs/sin_interpolated_smallrange.c,32,c/properties/unreach-call.prp,True
2LS,c/eca-rers2012/Problem14_label13.c,32,c/properties/termination.prp,False
2LS,c/eca-rers2012/Problem14_label13.c,32,c/properties/unreach-call.prp,False
2LS,c/eca-rers2012/Problem16_label47.c,32,c/properties/unreach-call.prp,True
2LS,c/seq-mthreaded/pals_lcr-var-start-time.5.ufo.UNBOUNDED.pals.c,32,c/properties/unreach-call.prp,True
2LS,c/seq-mthreaded/pals_lcr-var-start-time.5.ufo.UNBOUNDED.pals.c,32,c/properties/termination.prp,False
2LS,c/eca-rers2012/Problem14_label39.c,32,c/properties/termination.prp,False
2LS,c/eca-rers2012/Problem14_label39.c,32,c/properties/unreach-call.prp,False
2LS,c/combinations/square_6+soft_float_4-2a.c.cil.c,32,c/properties/unreach-call.prp,True
2LS,c/seq-mthreaded/pals_lcr-var-start-time.4.1.ufo.UNBOUNDED.pals.c,32,c/properties/unreach-call.prp,False
2LS,c/seq-mthreaded/pals_lcr-var-start-time.4.1.ufo.UNBOUNDED.pals.c,32,c/properties/termination.prp,False
2LS,c/nla-digbench-scaling/geo1-ll_valuebound10.c,32,c/properties/unreach-call.prp,True
2LS,c/nla-digbench-scaling/geo1-ll_valuebound10.c,32,c/properties/no-overflow.prp,True
2LS,c/seq-mthreaded/pals_lcr.3.ufo.BOUNDED-6.pals.c,32,c/properties/termination.prp,True
2LS,c/seq-mthreaded/pals_lcr.3.ufo.BOUNDED-6.pals.c,32,c/properties/unreach-call.prp,True
2LS,c/hardness-nfm22/hardness_operatoramount_amount500_file-23.i,32,c/properties/unreach-call.prp,True
2LS,c/eca-rers2012/Problem16_label57.c,32,c/properties/unreach-call.prp,True
2LS,c/nla-digbench-scaling/hard-ll_unwindbound2.c,32,c/properties/unreach-call.prp,False
2LS,c/nla-digbench-scaling/hard-ll_unwindbound2.c,32,c/properties/no-overflow.prp,True
2LS,c/eca-rers2012/Problem16_label24.c,32,c/properties/unreach-call.prp,True
2LS,c/hardware-verification-bv/btor2c-lazyMod.vis_arrays_two_p1.c,64,c/properties/unreach-call.prp,False
2LS,c/eca-rers2012/Problem14_label18.c,32,c/properties/termination.prp,False
2LS,c/eca-rers2012/Problem14_label18.c,32,c/properties/unreach-call.prp,False
2LS,c/nla-digbench-scaling/ps3-ll_unwindbound5.c,32,c/properties/unreach-call.prp,True
2LS,c/nla-digbench-scaling/ps3-ll_unwindbound5.c,32,c/properties/no-overflow.prp,True
2LS,c/eca-rers2012/Problem16_label17.c,32,c/properties/unreach-call.prp,True
2LS,c/seq-mthreaded/pals_lcr.5.1.ufo.UNBOUNDED.pals.c,32,c/properties/unreach-call.prp,False
2LS,c/seq-mthreaded/pals_lcr.5.1.ufo.UNBOUNDED.pals.c,32,c/properties/termination.prp,False
2LS,c/eca-rers2012/Problem16_label55.c,32,c/properties/unreach-call.prp,True
2LS,c/eca-rers2012/Problem14_label27.c,32,c/properties/termination.prp,False
2LS,c/eca-rers2012/Problem14_label27.c,32,c/properties/unreach-call.prp,False
2LS,c/eca-rers2012/Problem16_label26.c,32,c/properties/unreach-call.prp,True
2LS,c/eca-rers2012/Problem14_label52.c,32,c/properties/termination.prp,False
2LS,c/eca-rers2012/Problem14_label52.c,32,c/properties/unreach-call.prp,False
2LS,c/eca-rers2012/Problem16_label16.c,32,c/properties/unreach-call.prp,True
2LS,c/eca-rers2012/Problem11_label51.c,32,c/properties/unreach-call.prp,False
2LS,c/seq-mthreaded/pals_lcr.4.ufo.UNBOUNDED.pals.c,32,c/properties/unreach-call.prp,True
2LS,c/seq-mthreaded/pals_lcr.4.ufo.UNBOUNDED.pals.c,32,c/properties/termination.prp,False
2LS,c/eca-rers2012/Problem14_label40.c,32,c/properties/termination.prp,False
2LS,c/eca-rers2012/Problem14_label40.c,32,c/properties/unreach-call.prp,False
2LS,c/eca-rers2012/Problem16_label32.c,32,c/properties/unreach-call.prp,True
2LS,c/hardness-nfm22/hardness_operatoramount_amount250_file-83.i,32,c/properties/unreach-call.prp,True
2LS,c/xcsp/CostasArray-15.c,32,c/properties/unreach-call.prp,False
2LS,c/array-examples/standard_partition_original_ground.i,32,c/properties/unreach-call.prp,True
2LS,c/nla-digbench-scaling/geo1-u_valuebound5.c,32,c/properties/unreach-call.prp,False
2LS,c/nla-digbench-scaling/geo1-u_valuebound5.c,32,c/properties/no-overflow.prp,True
2LS,c/eca-rers2012/Problem11_label49.c,32,c/properties/unreach-call.prp,False
2LS,c/eca-rers2012/Problem16_label13.c,32,c/properties/unreach-call.prp,True
2LS,c/eca-rers2012/Problem16_label19.c,32,c/properties/unreach-call.prp,True
2LS,c/eca-rers2012/Problem11_label59.c,32,c/properties/unreach-call.prp,True
2LS,c/neural-networks/softsign_4_safe.c-amalgamation.i,32,c/properties/unreach-call.prp,True
2LS,c/eca-rers2012/Problem16_label29.c,32,c/properties/unreach-call.prp,True
2LS,c/eca-rers2012/Problem16_label59.c,32,c/properties/unreach-call.prp,True
2LS,c/seq-mthreaded/pals_lcr.4.1.ufo.UNBOUNDED.pals.c,32,c/properties/unreach-call.prp,False
2LS,c/seq-mthreaded/pals_lcr.4.1.ufo.UNBOUNDED.pals.c,32,c/properties/termination.prp,False
2LS,c/eca-rers2012/Problem16_label21.c,32,c/properties/unreach-call.prp,True
2LS,c/eca-rers2012/Problem16_label11.c,32,c/properties/unreach-call.prp,True
2LS,c/eca-rers2012/Problem16_label56.c,32,c/properties/unreach-call.prp,True
2LS,c/seq-mthreaded/pals_lcr-var-start-time.4.2.ufo.UNBOUNDED.pals.c,32,c/properties/unreach-call.prp,False
2LS,c/seq-mthreaded/pals_lcr-var-start-time.4.2.ufo.UNBOUNDED.pals.c,32,c/properties/termination.prp,False
2LS,c/seq-mthreaded/pals_lcr-var-start-time.4.ufo.UNBOUNDED.pals.c,32,c/properties/unreach-call.prp,True
2LS,c/seq-mthreaded/pals_lcr-var-start-time.4.ufo.UNBOUNDED.pals.c,32,c/properties/termination.prp,False
2LS,c/eca-rers2012/Problem16_label36.c,32,c/properties/unreach-call.prp,True
2LS,c/nla-digbench-scaling/geo1-ll_valuebound5.c,32,c/properties/unreach-call.prp,True
2LS,c/nla-digbench-scaling/geo1-ll_valuebound5.c,32,c/properties/no-overflow.prp,True
2LS,c/eca-rers2012/Problem11_label12.c,32,c/properties/unreach-call.prp,True
2LS,c/seq-mthreaded/pals_lcr.5.ufo.UNBOUNDED.pals.c,32,c/properties/unreach-call.prp,True
2LS,c/seq-mthreaded/pals_lcr.5.ufo.UNBOUNDED.pals.c,32,c/properties/termination.prp,False
2LS,c/seq-mthreaded/pals_lcr.3.1.ufo.UNBOUNDED.pals.c,32,c/properties/no-overflow.prp,True
2LS,c/seq-mthreaded/pals_lcr.3.1.ufo.UNBOUNDED.pals.c,32,c/properties/unreach-call.prp,False
2LS,c/seq-mthreaded/pals_lcr.3.1.ufo.UNBOUNDED.pals.c,32,c/properties/termination.prp,False
2LS,c/eca-rers2012/Problem16_label35.c,32,c/properties/unreach-call.prp,True
2LS,c/eca-rers2012/Problem16_label49.c,32,c/properties/unreach-call.prp,True
2LS,c/eca-rers2012/Problem11_label00.c,32,c/properties/unreach-call.prp,False
2LS,c/eca-rers2012/Problem11_label37.c,32,c/properties/unreach-call.prp,True
2LS,c/eca-rers2012/Problem11_label30.c,32,c/properties/unreach-call.prp,True
2LS,c/eca-rers2012/Problem16_label09.c,32,c/properties/unreach-call.prp,True
2LS,c/eca-rers2012/Problem16_label48.c,32,c/properties/unreach-call.prp,True
2LS,c/eca-rers2012/Problem16_label42.c,32,c/properties/unreach-call.prp,True
2LS,c/eca-rers2012/Problem14_label29.c,32,c/properties/termination.prp,False
2LS,c/eca-rers2012/Problem14_label29.c,32,c/properties/unreach-call.prp,False
2LS,c/hardness-nfm22/hardness_loopvsstraightlinecode_25-while_file-48.i,32,c/properties/unreach-call.prp,True
2LS,c/eca-rers2012/Problem16_label25.c,32,c/properties/unreach-call.prp,True
2LS,c/hardness-nfm22/hardness_loopvsstraightlinecode_25-1loop_file-48.i,32,c/properties/unreach-call.prp,True
2LS,c/eca-rers2012/Problem11_label23.c,32,c/properties/unreach-call.prp,True
2LS,c/eca-rers2012/Problem16_label23.c,32,c/properties/unreach-call.prp,True
2LS,c/eca-rers2012/Problem11_label16.c,32,c/properties/unreach-call.prp,True
2LS,c/eca-rers2012/Problem11_label13.c,32,c/properties/unreach-call.prp,True
2LS,c/eca-rers2012/Problem11_label33.c,32,c/properties/unreach-call.prp,True
2LS,c/eca-rers2012/Problem16_label28.c,32,c/properties/unreach-call.prp,True
2LS,c/hardness-nfm22/hardness_operatoramount_amount500_file-70.i,32,c/properties/unreach-call.prp,True
2LS,c/eca-rers2012/Problem11_label01.c,32,c/properties/unreach-call.prp,True
2LS,c/hardness-nfm22/hardness_operatoramount_amount250_file-54.i,32,c/properties/unreach-call.prp,True
2LS,c/eca-rers2012/Problem11_label38.c,32,c/properties/unreach-call.prp,True
2LS,c/hardware-verification-bv/btor2c-lazyMod.vis_QF_BV_s1269b_p2.c,64,c/properties/unreach-call.prp,True
2LS,c/eca-rers2012/Problem16_label53.c,32,c/properties/unreach-call.prp,True
2LS,c/eca-rers2012/Problem16_label12.c,32,c/properties/unreach-call.prp,True
2LS,c/eca-rers2012/Problem11_label03.c,32,c/properties/unreach-call.prp,True
2LS,c/eca-rers2012/Problem11_label53.c,32,c/properties/unreach-call.prp,True
2LS,c/eca-rers2012/Problem11_label29.c,32,c/properties/unreach-call.prp,False
2LS,c/hardness-nfm22/hardness_operatoramount_amount25_file-48.i,32,c/properties/unreach-call.prp,True
2LS,c/eca-rers2012/Problem11_label43.c,32,c/properties/unreach-call.prp,False
2LS,c/eca-rers2012/Problem11_label07.c,32,c/properties/unreach-call.prp,True
2LS,c/eca-rers2012/Problem16_label50.c,32,c/properties/unreach-call.prp,True
2LS,c/seq-mthreaded/pals_lcr-var-start-time.3.ufo.UNBOUNDED.pals.c,32,c/properties/unreach-call.prp,True
2LS,c/seq-mthreaded/pals_lcr-var-start-time.3.ufo.UNBOUNDED.pals.c,32,c/properties/termination.prp,False
2LS,c/hardware-verification-bv/btor2c-lazyMod.h_TicTacToe.c,64,c/properties/unreach-call.prp,True
2LS,c/eca-rers2012/Problem11_label18.c,32,c/properties/unreach-call.prp,True
2LS,c/nla-digbench-scaling/ps3-ll_unwindbound10.c,32,c/properties/unreach-call.prp,True
2LS,c/nla-digbench-scaling/ps3-ll_unwindbound10.c,32,c/properties/no-overflow.prp,True
2LS,c/eca-rers2012/Problem11_label19.c,32,c/properties/unreach-call.prp,True
2LS,c/eca-rers2012/Problem11_label32.c,32,c/properties/unreach-call.prp,True
2LS,c/eca-rers2012/Problem11_label04.c,32,c/properties/unreach-call.prp,True
2LS,c/seq-mthreaded/pals_STARTPALS_Triplicated.ufo.BOUNDED-10.pals.c,32,c/properties/termination.prp,True
2LS,c/seq-mthreaded/pals_STARTPALS_Triplicated.ufo.BOUNDED-10.pals.c,32,c/properties/unreach-call.prp,True
2LS,c/eca-rers2012/Problem11_label42.c,32,c/properties/unreach-call.prp,False
2LS,c/eca-rers2012/Problem11_label21.c,32,c/properties/unreach-call.prp,True
2LS,c/eca-rers2012/Problem11_label58.c,32,c/properties/unreach-call.prp,False
2LS,c/eca-rers2012/Problem11_label08.c,32,c/properties/unreach-call.prp,False
2LS,c/nla-digbench-scaling/mannadiv_unwindbound50.c,32,c/properties/unreach-call.prp,False
2LS,c/nla-digbench-scaling/mannadiv_unwindbound50.c,32,c/properties/no-overflow.prp,True
2LS,c/eca-rers2012/Problem11_label36.c,32,c/properties/unreach-call.prp,False
2LS,c/eca-rers2012/Problem11_label15.c,32,c/properties/unreach-call.prp,False
2LS,c/eca-rers2012/Problem16_label40.c,32,c/properties/unreach-call.prp,True
2LS,c/seq-mthreaded/pals_lcr-var-start-time.3.1.ufo.UNBOUNDED.pals.c,32,c/properties/unreach-call.prp,False
2LS,c/seq-mthreaded/pals_lcr-var-start-time.3.1.ufo.UNBOUNDED.pals.c,32,c/properties/termination.prp,False
2LS,c/hardness-nfm22/hardness_variablewrapping_wrapper-a_file-15.i,32,c/properties/unreach-call.prp,True
2LS,c/eca-rers2012/Problem16_label34.c,32,c/properties/unreach-call.prp,True
2LS,c/hardness-nfm22/hardness_variablewrapping_wrapper-a_file-60.i,32,c/properties/unreach-call.prp,True
2LS,c/eca-rers2012/Problem11_label44.c,32,c/properties/unreach-call.prp,True
2LS,c/eca-rers2012/Problem11_label10.c,32,c/properties/unreach-call.prp,True
2LS,c/eca-rers2012/Problem04_label51.c,32,c/properties/unreach-call.prp,True
2LS,c/eca-rers2012/Problem11_label27.c,32,c/properties/unreach-call.prp,True
2LS,c/nla-digbench-scaling/geo3-ll_valuebound5.c,32,c/properties/unreach-call.prp,True
2LS,c/nla-digbench-scaling/geo3-ll_valuebound5.c,32,c/properties/no-overflow.prp,True
2LS,c/hardness-nfm22/hardness_variablewrapping_wrapper-a_file-95.i,32,c/properties/unreach-call.prp,True
2LS,c/eca-rers2012/Problem16_label07.c,32,c/properties/unreach-call.prp,True
2LS,c/eca-rers2012/Problem16_label39.c,32,c/properties/unreach-call.prp,True
2LS,c/eca-rers2012/Problem11_label14.c,32,c/properties/unreach-call.prp,False
2LS,c/eca-rers2012/Problem16_label45.c,32,c/properties/unreach-call.prp,True
2LS,c/eca-rers2012/Problem11_label17.c,32,c/properties/unreach-call.prp,True
2LS,c/eca-rers2012/Problem11_label34.c,32,c/properties/unreach-call.prp,False
2LS,c/eca-rers2012/Problem16_label58.c,32,c/properties/unreach-call.prp,True
2LS,c/eca-rers2012/Problem04_label16.c,32,c/properties/unreach-call.prp,True
2LS,c/eca-rers2012/Problem11_label20.c,32,c/properties/unreach-call.prp,False
2LS,c/hardness-nfm22/hardness_codestructure_functionizing_file-2.i,32,c/properties/unreach-call.prp,True
2LS,c/hardware-verification-bv/btor2c-lazyMod.vis_QF_BV_s1269b_p3.c,64,c/properties/unreach-call.prp,True
2LS,c/eca-rers2012/Problem11_label31.c,32,c/properties/unreach-call.prp,False
2LS,c/eca-rers2012/Problem16_label10.c,32,c/properties/unreach-call.prp,True
2LS,c/nla-digbench/egcd.c,32,c/properties/no-overflow.prp,False
2LS,c/eca-rers2012/Problem14_label37.c,32,c/properties/termination.prp,False
2LS,c/eca-rers2012/Problem14_label37.c,32,c/properties/unreach-call.prp,False
2LS,c/eca-rers2012/Problem14_label56.c,32,c/properties/termination.prp,False
2LS,c/eca-rers2012/Problem14_label56.c,32,c/properties/unreach-call.prp,False
2LS,c/eca-rers2012/Problem04_label49.c,32,c/properties/termination.prp,False
2LS,c/eca-rers2012/Problem04_label49.c,32,c/properties/unreach-call.prp,True
2LS,c/nla-digbench-scaling/mannadiv_unwindbound50.c,32,c/properties/unreach-call.prp,False
2LS,c/nla-digbench-scaling/mannadiv_unwindbound50.c,32,c/properties/no-overflow.prp,True
2LS,c/eca-rers2012/Problem11_label39.c,32,c/properties/unreach-call.prp,False
2LS,c/hardness-nfm22/hardness_operatoramount_amount500_file-20.i,32,c/properties/unreach-call.prp,True
2LS,c/hardness-nfm22/hardness_operatoramount_amount250_file-2.i,32,c/properties/unreach-call.prp,True
2LS,c/eca-rers2012/Problem04_label02.c,32,c/properties/unreach-call.prp,True
2LS,c/eca-rers2012/Problem04_label56.c,32,c/properties/unreach-call.prp,True
2LS,c/eca-rers2012/Problem04_label42.c,32,c/properties/termination.prp,False
2LS,c/eca-rers2012/Problem04_label42.c,32,c/properties/unreach-call.prp,True
2LS,c/eca-rers2012/Problem04_label22.c,32,c/properties/unreach-call.prp,True
2LS,c/hardware-verification-bv/btor2c-lazyMod.loyd.1.prop1-back-serstep.c,64,c/properties/unreach-call.prp,False
2LS,c/eca-rers2012/Problem04_label05.c,32,c/properties/unreach-call.prp,True
2LS,c/hardness-nfm22/hardness_operatoramount_amount500_file-51.i,32,c/properties/unreach-call.prp,True
